,Country Name,Country Code,Year,ID_col,Population,Battle Deaths,% Access to Electr,HR Protect Score,Annual GDP Growth,HDI Index,% Water Access,Refugees,% Refugees,Change_2020
5233,Afghanistan,AFG,2014,AFG14,32758020.0,12285.0,89.5,-1.2816,2.690521948,0.491,0.44800000122107503,2596270.0,0.0792560111997001,-0.017974634208458632
5234,Angola,AGO,2014,AGO14,26920466.0,0.0,32.0,-0.6034189999999999,4.703970617,0.564,0.5140000176817148,9484.0,0.00035229702190147825,0.0013657871690769617
5235,Albania,ALB,2014,ALB14,2889104.0,0.0,100.0,0.365031,1.774368743,0.773,0.048999966771705004,10158.0,0.0035159689647724693,-0.0015383240062274922
5236,Andorra,AND,2014,AND14,79223.0,0.0,100.0,3.26585,2.277683153,0.853,0.0,7.0,8.835817881170872e-05,-0.0009742051145827105
5237,United Arab Emirates,ARE,2014,ARE14,9070867.0,0.0,100.0,0.135939,4.398696682,0.855,0.003999948406254882,90.0,9.921874061211567e-06,0.0003060116597381306
5238,Argentina,ARG,2014,ARG14,42981515.0,0.0,99.95924377,0.355356,-2.512615321,0.82,0.011000007794048208,318.0,7.398529344533342e-06,0.001417991994793038
5239,Armenia,ARM,2014,ARM14,2906220.0,0.0,99.98897552,-0.30939,3.600000001,0.745,0.0,11848.0,0.004076773265616505,-0.0018319053960548512
5241,Antigua and Barbuda,ATG,2014,ATG14,98875.0,0.0,96.29841614,1.12972,5.101940364,0.77,0.020996207332490517,53.0,0.0005360303413400757,-0.0004555881242653149
5242,Australia,AUS,2014,AUS14,23504138.0,0.0,100.0,1.65166,2.558337523,0.933,0.0,25.0,1.0636424956320458e-06,-0.0003650457362922403
5243,Austria,AUT,2014,AUT14,8546356.0,0.0,100.0,1.46076,0.828733875,0.901,0.0,10.0,1.170089333980471e-06,9.731358688114147e-05
5244,Azerbaijan,AZE,2014,AZE14,9535079.0,46.0,100.0,-0.516617,2.0,0.758,0.1380000102778383,10515.0,0.0011027700976572927,0.0007229389788703606
5245,Burundi,BDI,2014,BDI14,9891790.0,49.0,7.0,-1.00446,4.660918184,0.421,0.2419999818030913,72493.0,0.007328602811018026,-0.002529231665248234
5246,Belgium,BEL,2014,BEL14,11209057.0,0.0,100.0,1.63311,1.293265235,0.909,0.0,75.0,6.691017808188502e-06,-8.921778261916451e-05
5247,Benin,BEN,2014,BEN14,10286712.0,0.0,34.1,0.316305,6.351831941,0.505,0.22199999377838128,340.0,3.305234947765622e-05,0.0007547437477128051
5248,Burkina Faso,BFA,2014,BFA14,17585977.0,0.0,19.2,-0.123763,4.326837357,0.405,0.17900000665302815,1857.0,0.00010559549804938332,0.001467538431170488
5249,Bangladesh,BGD,2014,BGD14,159405279.0,0.0,62.4,-1.04113,6.061093054,0.583,0.13800000312411234,10883.0,6.827251938124332e-05,0.0014109449374376524
5250,Bulgaria,BGR,2014,BGR14,7223938.0,0.0,100.0,0.628684,1.328756736,0.797,0.006000051495458571,1648.0,0.0002281304186165496,0.0005761077595250676
5251,Bahrain,BHR,2014,BHR14,1336397.0,0.0,100.0,-0.529647,4.34984233,0.81,0.0,347.0,0.00025965338144278983,0.0005910003293623483
5252,"Bahamas, The",BHS,2014,BHS14,382169.0,0.0,100.0,0.403067,-0.147988573,0.807,0.016000774526452956,215.0,0.0005625783357624506,0.0006492221317629489
5253,Bosnia and Herzegovina,BIH,2014,BIH14,3566002.0,0.0,100.0,0.6336579999999999,1.149628083,0.754,0.0009999994391478187,21888.0,0.006137966271471525,-0.0032964599014756795
5254,Belarus,BLR,2014,BLR14,9474511.0,0.0,100.0,-0.373091,1.723085689,0.807,0.003000049290142784,4300.0,0.00045384928045362976,0.0008544812938606238
5255,Belize,BLZ,2014,BLZ14,351694.0,0.0,91.77205658,0.366989,4.045302801,0.706,0.00499866361098,45.0,0.00012795214021279862,0.0005414250689710809
5257,Bolivia,BOL,2014,BOL14,10562159.0,0.0,90.038729,0.378764,5.4605697520000005,0.675,0.10000000946776127,600.0,5.680656767238592e-05,0.0004990843330580942
5258,Brazil,BRA,2014,BRA14,204213133.0,0.0,99.650247,-1.0661200000000002,0.508210254,0.752,0.019000002316207548,977.0,4.7842172814615205e-06,0.0018402452826339173
5259,Barbados,BRB,2014,BRB14,283385.0,0.0,100.0,1.11796,0.0,0.7959999999999999,0.0029994530409160683,86.0,0.0003034740723750375,0.0004740763993802905
5261,Bhutan,BTN,2014,BTN14,776448.0,0.0,96.91264343,0.327533,5.745455168,0.599,0.0,23642.0,0.030448916089680183,-0.0209481235261764
5262,Botswana,BWA,2014,BWA14,2168573.0,0.0,56.36960983,1.00589,4.149252786,0.701,0.03800010421599826,237.0,0.00010928845835487208,0.00013920022317608733
5263,Central African Republic,CAF,2014,CAF14,4515392.0,17.0,12.78423595,-1.8313,1.040018047,0.349,0.3160000283474835,412041.0,0.09125254241492213,-0.05765821193378736
5264,Canada,CAN,2014,CAN14,35535348.0,0.0,100.0,1.69724,2.855739204,0.918,0.002000515092746524,95.0,2.6733943902842883e-06,-0.00039435237107894063
5265,Switzerland,CHE,2014,CHE14,8188649.0,0.0,100.0,1.57445,2.449218097,0.939,0.0,19.0,2.3202850677810217e-06,-0.0003259846149220344
5267,Chile,CHL,2014,CHL14,17613798.0,0.0,99.99533844,0.424711,1.766739784,0.833,0.010000001135473452,579.0,3.287195640599489e-05,0.0006397455905049153
5268,China,CHN,2014,CHN14,1364270000.0,0.0,99.99848938,-1.11445,7.297665959,0.738,0.052000000000000005,210802.0,0.00015451633474312268,0.0031992297815970237
5269,Cote d'Ivoire,CIV,2014,CIV14,22531350.0,0.0,61.9,-0.916065,8.79407739,0.465,0.1820000133147814,71966.0,0.0031940385285391245,-0.00027511536347812676
5270,Cameroon,CMR,2014,CMR14,22239904.0,969.0,56.8,-0.386643,5.884059327,0.5429999999999999,0.2459999827337384,10766.0,0.00048408482338772684,0.0014246949852967105
5271,"Congo, Dem. Rep.",COD,2014,COD14,73722860.0,985.0,13.5,-2.03587,9.470288098,0.436,0.4790000008138588,516771.0,0.007009643955755379,0.0032587534637579787
5272,"Congo, Rep.",COG,2014,COG14,4871101.0,0.0,51.86239243,-0.232645,6.779916158,0.595,0.23700001293342104,14500.0,0.0029767397555501307,-0.0011688931426938622
5273,Colombia,COL,2014,COL14,47791911.0,114.0,97.790938,-1.05743,4.39360834,0.738,0.08699999462252095,360298.0,0.00753889083866096,0.00016311766434365946
5274,Comoros,COM,2014,COM14,759385.0,0.0,72.91772461,1.05115,2.061639469,0.501,0.09899984856166504,581.0,0.0007650928053622339,0.0006198242121221689
5275,Cabo Verde,CPV,2014,CPV14,526437.0,0.0,87.87672424,0.716879,0.611212666,0.644,0.08299948521855417,27.0,5.128818833022754e-05,0.0011787593615054232
5276,Costa Rica,CRI,2014,CRI14,4757575.0,0.0,99.359291,0.500602,3.515338564,0.78,0.022999952706998842,417.0,8.76496954856203e-05,0.00042727184716742205
5277,Cuba,CUB,2014,CUB14,11439767.0,0.0,100.0,-0.486667,1.047576632,0.768,0.05399996346079426,7502.0,0.0006557825871803157,0.0010494755977948054
5280,Cyprus,CYP,2014,CYP14,1152309.0,0.0,100.0,0.95123,-1.403767772,0.856,0.0,10.0,8.67822780174415e-06,0.0008309953263316587
5281,Czech Republic,CZE,2014,CZE14,10525347.0,0.0,100.0,1.96391,2.715116132,0.879,0.0,1327.0,0.00012607660346019946,-0.00047457308347044404
5282,Germany,DEU,2014,DEU14,80982500.0,0.0,100.0,1.97856,1.92969041,0.93,0.0,176.0,2.1733090482511654e-06,-0.00041805936842589974
5283,Djibouti,DJI,2014,DJI14,912164.0,0.0,52.26935959,-0.327314,8.920584625,0.467,0.099999561482365,879.0,0.0009636425028832537,8.842678705882931e-05
5285,Denmark,DNK,2014,DNK14,5643475.0,0.0,100.0,1.95906,1.6193749709999998,0.928,0.0,12.0,2.126349456673415e-06,-0.0003545401391651915
5286,Dominican Republic,DOM,2014,DOM14,10405844.0,0.0,98.470979,-0.6301770000000001,7.636031824,0.718,0.15000003843993814,349.0,3.353884605612e-05,0.0006062759448596906
5287,Algeria,DZA,2014,DZA14,39113313.0,107.0,99.23434448,0.01559,3.789121212,0.747,0.1599999979546606,3524.0,9.009720040846451e-05,0.0008819985932937049
5288,Ecuador,ECU,2014,ECU14,15903112.0,0.0,98.976067,0.06511,3.788868549,0.742,0.13100002062489405,804.0,5.055614272225461e-05,0.0007984444558050811
5289,"Egypt, Arab Rep.",EGY,2014,EGY14,91812566.0,184.0,99.8,-1.41704,2.91591188,0.6829999999999999,0.008000005140908489,15903.0,0.00017321158413108724,0.001950937902236009
5291,Spain,ESP,2014,ESP14,46480882.0,0.0,100.0,1.25273,1.379997238,0.88,0.0,60.0,1.2908533017940581e-06,0.00017004988096579405
5292,Estonia,EST,2014,EST14,1314545.0,0.0,100.0,1.59102,2.890710968,0.8640000000000001,0.003999863070492072,339.0,0.0002578839065988612,-0.00037941311600083176
5293,Ethiopia,ETH,2014,ETH14,97366774.0,25.0,27.2,-0.778795,10.25749296,0.445,0.4459999979048294,86870.0,0.0008921934704337642,0.0013622729603051476
5294,Finland,FIN,2014,FIN14,5461512.0,0.0,100.0,2.0836,-0.631728091,0.914,0.0,7.0,1.2816963507541501e-06,-1.4108636789751444e-05
5295,Fiji,FJI,2014,FJI14,885806.0,0.0,95.59343719,0.385479,5.603514517000001,0.73,0.04300038608905336,924.0,0.001043117793286566,-0.00039868780786081893
5296,France,FRA,2014,FRA14,66316092.0,0.0,100.0,1.29703,0.947586472,0.894,0.0,93.0,1.4023745548817926e-06,0.00018002349935318778
5298,"Micronesia, Fed. Sts.",FSM,2014,FSM14,104015.0,0.0,71.67379761,1.30984,-2.156058931,0.618,0.11000336489929337,0.0,0.0,0.0014003706665805607
5299,Gabon,GAB,2014,GAB14,1875713.0,0.0,89.21994019,0.321965,4.313995325,0.693,0.06799974196478886,172.0,9.169846346429333e-05,0.000612422465980751
5300,United Kingdom,GBR,2014,GBR14,64613160.0,0.0,100.0,1.57454,3.054251012,0.919,0.0,141.0,2.182217987790723e-06,-0.0003679633939500189
5301,Georgia,GEO,2014,GEO14,3727000.0,0.0,100.0,0.083582,4.62333166,0.765,0.004,6681.0,0.0017925945800912261,-0.000663998048485618
5302,Ghana,GHA,2014,GHA14,26962563.0,0.0,78.3,-0.091591,3.985865624,0.5760000000000001,0.1240000069726309,22145.0,0.0008213239965354926,0.0009239993218638058
5304,Guinea,GIN,2014,GIN14,11805509.0,0.0,29.92204094,-0.547569,3.707451613,0.44,0.2330000341366052,15252.0,0.0012919392124473414,0.001056125609252147
5305,"Gambia, The",GMB,2014,GMB14,1917852.0,0.0,45.21674347,-0.5048779999999999,0.900000083,0.454,0.09799974137733257,5136.0,0.0026779960080339877,0.00030342198301058884
5306,Guinea-Bissau,GNB,2014,GNB14,1725744.0,0.0,17.2,0.019186,0.964560752,0.445,0.2259999165577281,1307.0,0.0007573545091276575,0.0013768388978946864
5307,Equatorial Guinea,GNQ,2014,GNQ14,1129424.0,0.0,67.05870819,-0.500428,0.415061836,0.59,0.5219997095864795,174.0,0.00015406083100766407,0.0020873506128905647
5308,Greece,GRC,2014,GRC14,10892413.0,0.0,100.0,0.754659,0.739777123,0.8640000000000001,0.0,113.0,1.0374193486787547e-05,0.0005609481920297885
5309,Grenada,GRD,2014,GRD14,106360.0,0.0,91.39950562,1.21187,7.34314562,0.7609999999999999,0.033997743512598724,324.0,0.003046257991726213,-0.0026460829918759656
5311,Guatemala,GTM,2014,GTM14,15923559.0,0.0,85.494371,0.046921,4.174400627,0.643,0.073000012120406,7483.0,0.0004699326325226666,0.0007142230361763334
5313,Guyana,GUY,2014,GUY14,763393.0,0.0,86.9,0.339686,3.846923912,0.648,0.025000229239723185,700.0,0.0009169588927328387,0.0001811414468790313
5315,Honduras,HND,2014,HND14,8809216.0,0.0,88.653773,-0.4471310000000001,3.058080562,0.603,0.09399996549068612,4159.0,0.0004721191988027084,0.0012329960031102702
5316,Croatia,HRV,2014,HRV14,4238389.0,0.0,100.0,1.89734,-0.096176262,0.8240000000000001,0.0040001047567837685,40122.0,0.009466332608922871,-0.0060963586606104314
5317,Haiti,HTI,2014,HTI14,10572466.0,0.0,37.75259018,-0.337687,2.810148498,0.49,0.4249999952707344,37162.0,0.003514979381347739,-0.00024197553879891495
5318,Hungary,HUN,2014,HUN14,9866468.0,0.0,100.0,0.792148,4.2277333530000005,0.833,0.0,1267.0,0.00012841474781046268,-9.130176512197209e-06
5319,Indonesia,IDN,2014,IDN14,255131116.0,0.0,97.01,-0.545067,5.006668426,0.6829999999999999,0.1319999987770994,14408.0,5.647292351435487e-05,0.001218774367651597
5321,India,IND,2014,IND14,1293859294.0,463.0,81.23950958,-1.15886,7.410227605,0.618,0.05899999973258298,10436.0,8.065792044308646e-06,0.0014279589923456122
5322,Ireland,IRL,2014,IRL14,4657740.0,0.0,100.0,1.65923,8.328379308999999,0.921,0.020817392125794917,10.0,2.146963978238373e-06,-0.0012584538800284833
5323,"Iran, Islamic Rep.",IRN,2014,IRN14,78411092.0,0.0,100.0,-1.08409,4.60341888,0.7879999999999999,0.03799999367436434,82191.0,0.0010482062920383764,0.0013110254419915728
5324,Iraq,IRQ,2014,IRQ14,35006080.0,12149.0,99.65541077,-1.56777,0.7,0.6659999999999999,0.13400000799861053,369954.0,0.010568278424776496,0.004885009513976291
5325,Iceland,ISL,2014,ISL14,327386.0,0.0,100.0,3.932,2.200346891,0.925,0.0,1.0,3.0544983597343808e-06,-0.0014302287347517173
5326,Israel,ISR,2014,ISR14,8215700.0,1671.0,100.0,-1.1052799999999998,3.410136515,0.899,0.0,979.0,0.00011916209209197023,0.0016900633960635592
5327,Italy,ITA,2014,ITA14,60789140.0,0.0,100.0,0.547475,0.113673238,0.8740000000000001,0.0,67.0,1.1021705521742865e-06,0.0007450331164486435
5328,Jamaica,JAM,2014,JAM14,2862087.0,0.0,96.35400391,-0.608064,0.6827666790000001,0.728,0.061999862338216825,1692.0,0.0005911769977642188,0.001248933662943811
5329,Jordan,JOR,2014,JOR14,8809306.0,0.0,99.98558807,-0.555898,3.096330275,0.73,0.03099994483106842,1718.0,0.00019502103797960931,0.001105603935673896
5330,Japan,JPN,2014,JPN14,127276000.0,0.0,100.0,1.3263200000000002,0.374719476,0.903,0.0,262.0,2.058518495238694e-06,0.00023506858333931777
5331,Kazakhstan,KAZ,2014,KAZ14,17288285.0,0.0,99.98814392,-0.533726,4.2,0.7929999999999999,0.07100386186368399,2224.0,0.00012864202551033835,0.0008218522408204164
5332,Kenya,KEN,2014,KEN14,46024250.0,42.0,36.0,-0.8559040000000001,5.357116778,0.5720000000000001,0.36899999456808097,8553.0,0.00018583681428811986,0.0014209549556881038
5333,Kyrgyz Republic,KGZ,2014,KGZ14,5835500.0,0.0,99.8,-0.555696,4.024038629,0.6629999999999999,0.10800000000000001,2451.0,0.00042001542284294407,0.001029276938591028
5334,Cambodia,KHM,2014,KHM14,15270790.0,0.0,56.1,-0.602176,7.1425711010000015,0.5660000000000001,0.2659999908321705,13071.0,0.0008559478586242102,0.0005764733547912156
5335,Kiribati,KIR,2014,KIR14,110458.0,0.0,80.71501923,3.1211900000000004,0.893016655,0.616,0.3319994930199714,3.0,2.715964438972279e-05,0.00014491136044581703
5336,St. Kitts and Nevis,KNA,2014,KNA14,53739.0,0.0,99.73669434,1.92254,5.9630565560000015,0.77,0.017008131896760266,23.0,0.00042799456632985363,-0.0009062695777144326
5338,Kuwait,KWT,2014,KWT14,3782450.0,0.0,100.0,0.411241,0.5008769820000001,0.799,0.010000132189453923,981.0,0.00025935570860156784,0.0007856204657449609
5339,Lao PDR,LAO,2014,LAO14,6576397.0,0.0,81.45786285,0.342524,7.611963441,0.586,0.2449999597043792,7482.0,0.0011377050381842825,-0.00022715337478598687
5340,Lebanon,LBN,2014,LBN14,5603279.0,134.0,100.0,-0.461238,2.002921346,0.7509999999999999,0.01000003747805526,4273.0,0.0007625891910790093,0.0008509223498779828
5341,Liberia,LBR,2014,LBR14,4390737.0,0.0,9.4,0.305662,0.7011416359999999,0.431,0.252999895006237,13572.0,0.003091052823250402,-0.00022939532968907343
5343,St. Lucia,LCA,2014,LCA14,176421.0,0.0,96.56573486,0.34978000000000004,-0.21548569,0.737,0.03700239767374632,922.0,0.0052261352106608636,-0.00246875145818728
5345,Sri Lanka,LKA,2014,LKA14,20771000.0,0.0,92.19206238,-1.1046200000000002,4.960706541,0.763,0.044000000000000004,122010.0,0.005874055173077849,-0.0016915157692736075
5346,Lesotho,LSO,2014,LSO14,2145785.0,0.0,27.8,0.383084,3.121721844,0.509,0.18399979494683766,17.0,7.922508545823558e-06,0.0012045969352503453
5347,Lithuania,LTU,2014,LTU14,2932367.0,0.0,100.0,1.12058,3.537585824,0.851,0.033999836991754434,183.0,6.240692246229752e-05,-5.6365129651149036e-05
5348,Luxembourg,LUX,2014,LUX14,556319.0,0.0,100.0,3.85582,5.771915882,0.895,0.0,2.0,3.5950596690028564e-06,-0.0018886638954078447
5349,Latvia,LVA,2014,LVA14,1993782.0,0.0,100.0,0.799826,1.858243652,0.838,0.006999762260869042,213.0,0.0001068321411267631,0.0003639837883934608
5354,Moldova,MDA,2014,MDA14,3556397.0,0.0,100.0,0.015412,4.799999749,0.696,0.11599998537846028,2233.0,0.0006278826576448018,0.00038084455557397157
5355,Madagascar,MDG,2014,MDG14,23589801.0,0.0,18.59678078,-0.6332909999999999,3.315854165,0.512,0.4940000129717075,281.0,1.1911927531732887e-05,0.0018279861318664205
5356,Maldives,MDV,2014,MDV14,408247.0,0.0,100.0,0.775579,7.329606386,0.705,0.013751478884106926,36.0,8.818190948126992e-05,-0.00013193762302724302
5357,Mexico,MEX,2014,MEX14,124221600.0,0.0,99.172928,-1.21272,2.845283745,0.7609999999999999,0.038999996779948094,10666.0,8.58626841064678e-05,0.0015776580574268118
5359,"Macedonia, FYR",MKD,2014,MKD14,2077495.0,0.0,99.99980927,0.326729,3.629641308,0.747,0.006000014440467967,1759.0,0.0008466927718237589,4.7456038422620094e-05
5360,Mali,MLI,2014,MLI14,16962846.0,189.0,31.82540131,-0.609456,7.043356204,0.414,0.25000002947618577,139267.0,0.008210119929167547,-0.0027870845146036423
5361,Malta,MLT,2014,MLT14,434558.0,0.0,100.0,1.7604,8.114239586,0.862,0.0,5.0,1.150594397065524e-05,-0.0011330632434825945
5362,Myanmar,MMR,2014,MMR14,51924182.0,187.0,52.0,-1.78834,7.991243344,0.564,0.1949999905631638,479006.0,0.009225104403185398,0.0005628783068967848
5363,Montenegro,MNE,2014,MNE14,621810.0,0.0,99.99226379,0.710568,1.783682741,0.805,0.003999614030009167,607.0,0.0009761824351490004,-0.0001121120793854027
5364,Mongolia,MNG,2014,MNG14,2923896.0,0.0,80.60873413,0.383481,7.885225482,0.7340000000000001,0.35800007934618744,2163.0,0.0007397663938799463,-0.00040726351976169315
5366,Mozambique,MOZ,2014,MOZ14,27212382.0,0.0,21.86450768,-0.498397,7.444069492000001,0.4270000000000001,0.4910000160956141,58.0,2.1313826918937117e-06,0.001336839111955684
5367,Mauritania,MRT,2014,MRT14,4063920.0,0.0,38.8,-0.008361,5.579543856,0.514,0.4209999212582925,34113.0,0.008394112088820646,-0.004466403173753476
5368,Mauritius,MUS,2014,MUS14,1260934.0,0.0,98.70124054,0.429054,3.744574431,0.782,0.0010000523421527217,94.0,7.454791448243921e-05,0.0004111248777923541
5369,Malawi,MWI,2014,MWI14,17068838.0,0.0,11.9,-0.018853,5.700000004,0.468,0.11599998781405038,361.0,2.11496529523568e-05,0.001003792426384479
5370,Malaysia,MYS,2014,MYS14,30228017.0,0.0,99.98512268,0.039387,6.00672195,0.79,0.017999989876940986,468.0,1.5482325552483312e-05,0.00027977163877404977
5372,Namibia,NAM,2014,NAM14,2370992.0,0.0,49.62493515,0.379103,6.351677961,0.636,0.09699990552477612,1253.0,0.0005284707835370175,-2.5978147634511672e-06
5374,Niger,NER,2014,NER14,19148219.0,0.0,15.03054428,-0.186908,7.529043067999999,0.345,0.4190000124815786,739.0,3.859366764083908e-05,0.0013074267809183423
5375,Nigeria,NGA,2014,NGA14,176460502.0,3811.0,56.37191391,-1.68315,6.3097185960000015,0.524,0.3240000019947807,90947.0,0.0005153957909515638,0.004375219278555241
5376,Nicaragua,NIC,2014,NIC14,6013997.0,0.0,81.853073,-0.325381,4.7854602,0.649,0.13100006534755504,1587.0,0.0002638844016716337,0.0008866689012639415
5377,Netherlands,NLD,2014,NLD14,16865008.0,0.0,100.0,2.45631,1.419690296,0.924,0.0,68.0,4.032017061598785e-06,-0.0005613329334116091
5378,Norway,NOR,2014,NOR14,5137232.0,0.0,100.0,3.05444,1.975117446,0.946,0.0,13.0,2.5305456323561016e-06,-0.0010104768148534735
5379,Nepal,NPL,2014,NPL14,28323241.0,0.0,84.9,-0.299633,5.988984661,0.56,0.09299998541833544,8563.0,0.0003023312197922547,0.0009634470323205584
5381,New Zealand,NZL,2014,NZL14,4509700.0,0.0,100.0,2.41585,3.544991417,0.91,0.0,17.0,3.769652083287137e-06,-0.0008472423851966977
5382,Oman,OMN,2014,OMN14,3960925.0,0.0,100.0,0.168498,2.751031637,0.815,0.065999987376686,29.0,7.321522119201953e-06,0.0007028209990898938
5383,Pakistan,PAK,2014,PAK14,185546257.0,3136.0,96.01585388,-1.45488,4.674707981,0.5479999999999999,0.0869999980651725,335961.0,0.0018106589991734516,0.006094481719705262
5384,Panama,PAN,2014,PAN14,3903986.0,0.0,91.69238281,0.489754,5.066613016,0.7809999999999999,0.055999944671932735,89.0,2.279721289984134e-05,0.00021657730610494578
5385,Peru,PER,2014,PER14,30973354.0,0.0,92.919989,-0.399213,2.376022873,0.746,0.13699998392166374,4343.0,0.00014021729774566874,0.0012103333557615407
5386,Philippines,PHL,2014,PHL14,100102249.0,470.0,88.64569855,-1.10937,6.1452987860000015,0.6890000000000001,0.08499999835168537,670.0,6.693156314599885e-06,0.0013425567400454088
5388,Papua New Guinea,PNG,2014,PNG14,7755785.0,0.0,21.44621468,0.07939500000000001,15.42145307,0.536,0.6,288.0,3.713357190793711e-05,-0.0004996478822215003
5389,Poland,POL,2014,POL14,38011735.0,0.0,100.0,1.16664,3.283146264,0.8420000000000001,0.0169999869777057,1310.0,3.4463041479164266e-05,9.616434166070335e-06
5392,Portugal,PRT,2014,PRT14,10401062.0,0.0,100.0,0.606337,0.893187725,0.8390000000000001,0.0,31.0,2.980464879451733e-06,0.0006828530779241563
5393,Paraguay,PRY,2014,PRY14,6552584.0,0.0,99.000716,-0.213229,4.722333745,0.698,0.03400002197606319,94.0,1.4345485689309745e-05,0.0008672006678636989
5396,Qatar,QAT,2014,QAT14,2374419.0,0.0,100.0,1.04096,3.978882147,0.853,0.0,21.0,8.844268850611455e-06,-7.671635703523872e-05
5397,Romania,ROU,2014,ROU14,19908979.0,0.0,100.0,0.461434,3.076313965,0.802,0.0,1918.0,9.633844106219612e-05,0.00045808623409467476
5398,Russian Federation,RUS,2014,RUS14,143819666.0,168.0,100.0,-1.06286,0.7386007729999999,0.807,0.031000002461415814,70562.0,0.0004906283122643326,0.002213149277933117
5399,Rwanda,RWA,2014,RWA14,11345357.0,0.0,19.8,-0.340316,7.62457575,0.509,0.2449999590140707,79408.0,0.006999162741198889,-0.00324253762410027
5400,Saudi Arabia,SAU,2014,SAU14,30776722.0,0.0,100.0,-0.636182,3.652481698,0.852,0.030000011047310367,630.0,2.047001626748944e-05,0.0008361113994367522
5401,Sudan,SDN,2014,SDN14,37737913.0,849.0,44.9,-2.18458,2.679411813,0.4920000000000001,0.44499999244791305,665967.0,0.017647160297391114,-0.0015932058068965748
5402,Senegal,SEN,2014,SEN14,14546111.0,0.0,61.0,-0.124784,4.0750833260000014,0.486,0.22200002461138926,23118.0,0.0015892907733207865,0.0006321188649293086
5403,Singapore,SGP,2014,SGP14,5469724.0,0.0,100.0,1.41047,3.883887305,0.928,0.0,59.0,1.0786650295334828e-05,-0.0004515963363748511
5404,Solomon Islands,SLB,2014,SLB14,575504.0,0.0,42.60435486,2.21413,2.250090711,0.539,0.1929995273707915,70.0,0.00012163251688954374,0.000317814388828971
5405,Sierra Leone,SLE,2014,SLE14,7079162.0,0.0,16.03315544,-0.177312,4.556772366000001,0.423,0.3839999706179912,4993.0,0.000705309470245207,0.0011244620934743428
5406,El Salvador,SLV,2014,SLV14,6281189.0,0.0,95.125416,-0.297847,1.979256733,0.67,0.06899999347257342,10965.0,0.0017456885949459569,0.00032058384400310107
5409,Serbia,SRB,2014,SRB14,7130576.0,0.0,99.66079793,0.5819949999999999,-1.831301107,0.775,0.008000054974520993,45733.0,0.006413647368739917,-0.002758625902592256
5410,South Sudan,SSD,2014,SSD14,11530971.0,1674.0,6.923728466,-1.8942900000000005,2.920584117,0.397,0.4129999980053718,616211.0,0.05343964528225767,-0.027613194645561268
5411,Sao Tome and Principe,STP,2014,STP14,191266.0,0.0,68.6,2.2440900000000004,6.549933102000001,0.5670000000000001,0.02900149529973963,22.0,0.0001150230568945866,-0.0004779864578160133
5412,Suriname,SUR,2014,SUR14,547928.0,0.0,88.31352997,0.574688,0.255503145,0.718,0.05199953278532946,17.0,3.102597421559037e-05,0.0011038392438846528
5413,Slovak Republic,SVK,2014,SVK14,5418649.0,0.0,100.0,1.32665,2.750335017,0.845,0.0,319.0,5.8870762804529323e-05,-3.186427459778932e-05
5414,Slovenia,SVN,2014,SVN14,2061980.0,0.0,100.0,2.1055,2.979196038,0.887,0.0050000484970756254,26.0,1.2609239662848333e-05,-0.0005408430189992079
5415,Sweden,SWE,2014,SWE14,9696110.0,0.0,100.0,1.80695,2.604326565,0.92,0.0,18.0,1.8564145827553523e-06,-0.00041561731820054064
5416,Eswatini,SWZ,2014,SWZ14,1295097.0,0.0,65.0,-0.504083,1.931010027,0.58,0.2589999050264189,161.0,0.0001243150126978906,0.0017306596788894898
5418,Seychelles,SYC,2014,SYC14,91359.0,0.0,99.29888916,0.990491,4.504785431,0.7859999999999999,0.04299521667268688,25.0,0.000273645727295614,-0.00012160864726628684
5421,Chad,TCD,2014,TCD14,13569438.0,0.0,7.943912029,-0.645532,6.899985045,0.403,0.4919999634472703,48258.0,0.0035563742580938134,-0.0004675615768395642
5422,Togo,TGO,2014,TGO14,7228915.0,0.0,45.7,0.27005500000000005,5.871726319,0.481,0.37599999446666615,9276.0,0.0012831801176248444,0.0002551940848478213
5423,Thailand,THA,2014,THA14,68416772.0,68.0,99.98166656,-0.775065,0.984414064,0.735,0.022000000233860784,233.0,3.405597680054242e-06,0.0016907985797657008
5424,Tajikistan,TJK,2014,TJK14,8362745.0,0.0,99.97840881,-0.394282,6.69925066,0.645,0.2630000077725675,725.0,8.669402211833553e-05,0.0008758911040961288
5426,Timor-Leste,TLS,2014,TLS14,1212814.0,0.0,57.77819824,0.447717,-26.04971323,0.61,0.2829997015205959,13.0,1.0718873627778045e-05,0.005770025625770861
5427,Tonga,TON,2014,TON14,105782.0,0.0,95.38067627,1.53597,2.072607261,0.7170000000000001,0.003998789964266132,22.0,0.00020797489175852223,0.0001978177486744847
5428,Trinidad and Tobago,TTO,2014,TTO14,1354493.0,0.0,100.0,0.261121,-0.252162763,0.779,0.04899988408947112,371.0,0.0002739032243060688,0.0010424463932065095
5429,Tunisia,TUN,2014,TUN14,11143908.0,0.0,99.8,-0.374651,2.971398345,0.725,0.023000010409274737,1485.0,0.00013325666364079816,0.00108493422159692
5430,Turkey,TUR,2014,TUR14,77030628.0,0.0,100.0,-0.8049029999999999,5.166690703,0.778,0.0,63892.0,0.0008294363120082572,0.001025664512428532
5432,Tanzania,TZA,2014,TZA14,52234869.0,0.0,18.91017914,-0.329598,6.965134936,0.515,0.4450000056475685,858.0,1.64258093573471e-05,0.001052825602592266
5433,Uganda,UGA,2014,UGA14,38833338.0,0.0,20.4,-0.662496,5.106307323999999,0.5,0.21099999181115975,7191.0,0.00018517594341233297,0.0013815834857186144
5434,Ukraine,UKR,2014,UKR14,45271947.0,4353.0,100.0,-0.4941390000000001,-6.552618891,0.748,0.036999999138539366,237625.0,0.0052488354432823495,0.0038080339891738407
5435,Uruguay,URY,2014,URY14,3419546.0,0.0,99.657085,1.71774,3.238791216,0.8009999999999999,0.003999946191687435,124.0,3.6262123685424905e-05,-0.00017201843705480263
5436,United States,USA,2014,USA14,318622525.0,0.0,100.0,-0.195931,2.569193594,0.918,0.00799851799554975,4987.0,1.5651749668357566e-05,0.000653147293367225
5437,Uzbekistan,UZB,2014,UZB14,30757700.0,0.0,100.0,-0.52669,7.792522371,0.695,0.11443478590249764,4795.0,0.00015589592199676832,0.0005401573681973603
5438,St. Vincent and the Grenadines,VCT,2014,VCT14,109357.0,0.0,98.59864807,0.626725,0.984189177,0.72,0.048995491829512516,1736.0,0.015874612507658405,-0.010394547144275408
5439,"Venezuela, RB",VEN,2014,VEN14,30738378.0,0.0,99.31814575,-0.670782,-3.894386475,0.778,0.06899999733232508,8009.0,0.0002605537611646262,0.002211211322904412
5442,Vietnam,VNM,2014,VNM14,92544915.0,0.0,99.2,-0.470161,5.983654637000001,0.6779999999999999,0.03529356529205305,313418.0,0.0033866582512934395,0.0021279221683004742
5443,Vanuatu,VUT,2014,VUT14,258850.0,0.0,43.10334778,1.20513,2.331006215,0.598,0.06700019316206297,1.0,3.863241259416651e-06,0.0006612486597409857
5444,Samoa,WSM,2014,WSM14,192290.0,0.0,97.9,1.47465,1.196147337,0.703,0.0100005200478444,1.0,5.200478444016851e-06,0.0005657650829407669
5446,"Yemen, Rep.",YEM,2014,YEM14,26246327.0,1660.0,66.1,-1.04155,-0.188591449,0.505,0.4051739143312503,2631.0,0.00010024259775472584,0.003470203828263633
5447,South Africa,ZAF,2014,ZAF14,54539571.0,0.0,86.0,-0.82183,1.847008442,0.685,0.07148140200809427,424.0,7.774171894384721e-06,0.00166180374469199
5448,Zambia,ZMB,2014,ZMB14,15620974.0,0.0,27.9,-0.534942,4.695826373,0.58,0.3540000130593649,316.0,2.0229212339768312e-05,0.0013121918360991791
5449,Zimbabwe,ZWE,2014,ZWE14,15411675.0,0.0,32.3,-0.7639100000000001,2.127083908,0.525,0.2290000275764964,22492.0,0.001459413074828012,0.0011594429131277582
