Country Name,Country Code,1990,1991,1992,1993,1994,1995,1996,1997,1998,1999,2000,2001,2002,2003,2004,2005,2006,2007,2008,2009,2010,2011,2012,2013,2014,2015,2016,2017
Aruba,ABW,,,,,,1.245085912,7.814431719,6.66662183,1.154469392,4.514062033,-0.364695779,-2.164459409,0.465289865,7.519472373,1.176690484,0.380390971,2.355119443,-3.654626242,-6.881302064,-5.653502086,,,,,,,,
Afghanistan,AFG,,,,,,,,,,,,,,8.444163227,1.055555787,11.17527024,5.554137623,13.74020499,3.611368392,21.02064874,8.433290482,6.113685169,14.43474129,3.900574875,2.690521948,1.310040404,2.366711916,2.595542453
Angola,AGO,-3.450098684,0.991359292,-5.838280729,-23.98341743,1.339363437,15.00000003,13.54436975,7.274277345,4.691146445,2.181489732,3.054624234,4.205998554,13.66568651,4.554042423,10.23835653,20.90702704,18.9890352,23.18959726,13.81709771,2.412909701,3.452874648,3.873330694,5.177593943,6.842716537,4.703970617,2.999747493,-0.813494096,0.721699272
Albania,ALB,-9.575640169,-29.5889977,-7.199999986,9.600000045,8.29999998,13.29999999,9.100000008,-10.83785574,9.00885254,13.50117338,6.666620499,7.940331425,4.231371018,5.773490561,5.709556596,5.720819947,5.431012739,5.9,3.760853683,3.352610243,3.710057793,2.55016086,1.419967541,1.0007546,1.774368743,2.218752054,3.352159211,3.841363666
Andorra,AND,3.78138759,2.546002872,0.929211956,-1.031484011,2.383187691,2.757499187,4.649740149,9.067672199,3.194790296,4.099080837,3.528361297,4.54676832,6.471014671,12.16871989,7.64786979,7.396982715,4.536353119,0.040011067,-8.590003787,-3.69065351,-5.358825775,-4.646543052,-1.615218183,0.351645002,2.277683153,0.842203518,1.889124387,1.873196616
Arab World,ARB,13.14135507,1.536110738,4.800470031,3.21034813,3.213436107,2.756598801,4.511590053,4.220116523,5.154251745,1.862156098,5.357796074,1.623688594,0.629118807,5.308432301,9.331244196,5.722455059,6.484100693,4.535160997,5.780129969,0.46493903,4.748924979,3.609237914,6.695225909,3.134329137,2.453628864,3.277541767,3.004694683,1.192245953
United Arab Emirates,ARE,18.32798553,0.860081946,3.344944862,1.261190951,6.896148551,6.687886464,5.798404061,8.190398641,0.291994349,2.902213645,10.85270421,1.39908503,2.43345681,8.800540815,9.566436637,4.855141196,9.837319773,3.184390174,3.191836276,-5.242921907,1.602809961,6.930271629,4.484626085,5.053345825,4.398696682,5.064701529,2.988441821,0.790400388
Argentina,ARG,-2.398959219,12.66971009,11.94077473,5.906919492,5.836200704,-2.845209611,5.526689827,8.111046771,3.850178852,-3.385457041,-0.788998939,-4.408839683,-10.89448483,8.837040796,9.029573301,8.85165992,8.0471515,9.007650875,4.057233103,-5.918525076,10.12539816,6.003951693,-1.026420454,2.405323781,-2.512615321,2.731159828,-1.82254217,2.863922897
Armenia,ARM,,-11.69999848,-41.80000274,-8.799998794,5.400002777,6.899998417,5.865400753,3.321079697,7.299999988,3.300000004,5.899999999,9.556641504,13.18630053,14.04079505,10.46784186,13.86571125,13.19800352,13.74920196,6.900000002,-14.14998864,2.199999999,4.699999999,7.200000003,3.300000002,3.600000001,3.200000002,0.199999998,7.499999999
American Samoa,ASM,,,,,,,,,,,,,,0.814111262,0.538358008,-0.401606426,-4.166666667,1.963534362,-2.613480055,-4.237288136,0.442477876,0.293685756,-4.39238653,-2.756508423,0.94488189,1.248049922,-2.619414484,
Antigua and Barbuda,ATG,3.011645772,2.176873116,1.158326269,5.280071488,6.676195163,-4.35949399,6.604818088,5.471131932,4.731313712,3.707894618,6.691742382,-4.954074711,1.024100862,6.05790855,5.736460188,6.412405164,12.72850745,9.25942056,-0.030133268,-12.10753619,-7.200024461,-2.079127047,3.506609222,-0.103939141,5.101940364,4.060218963,5.342479435,3.337049215
Australia,AUS,3.564551046,-0.387546486,0.44261583,4.039078874,3.978533971,3.829368753,3.878631271,3.96642049,4.576739364,5.018063943,3.943189082,1.933105729,4.003022284,2.985744905,4.00110552,3.19031634,2.834232512,3.77732903,3.65776676,1.922727293,2.052942004,2.451105083,3.891940026,2.639482357,2.558337523,2.351136441,2.827310511,1.957575422
Austria,AUT,4.345641561,3.441627392,2.093524723,0.526809482,2.402118763,2.667983666,2.349535097,2.093596476,3.581431009,3.556330241,3.375721973,1.267170469,1.651549407,0.941473312,2.735118518,2.244066812,3.454041032,3.727415176,1.460425193,-3.764580483,1.837094592,2.922797636,0.680444374,0.025504101,0.828733875,1.091854232,1.450915438,3.035272679
Azerbaijan,AZE,,-0.69999996,-22.60000039,-23.09999955,-19.70000002,-11.8000009,1.3000002,5.800000524,10.00000028,7.400000582,11.09999925,9.9,10.5999992,11.20000024,10.2000004,26.40000081,34.49999951,25.04899952,10.77242078,9.410653764,4.854339324,0.065922768,2.200000188,5.796678396,2,1.099999809,-3.100000202,0.099999814
Burundi,BDI,3.49982214,4.996836451,1.009998366,-6.239999999,-3.829999997,-7.920000001,-8.000000001,-1.589999997,4.749999992,-1.009999996,-0.856864059,2.055807109,4.446519419,-1.223727959,4.833657762,0.900000003,5.384657398,4.785831951,5.048118783,3.468425425,3.785902543,4.191625681,4.01936553,4.594054218,4.660918184,-3.921142751,-0.570434451,0.51913901
Belgium,BEL,3.137402476,1.833074271,1.530654814,-0.961873088,3.226971467,2.384757238,1.593406303,3.710444954,1.975274366,3.563311552,3.633652015,0.811543607,1.780506301,0.774567233,3.634680672,2.094272708,2.506140115,3.448973792,0.783173038,-2.253174635,2.744213272,1.798302659,0.234796924,0.200650444,1.293265235,1.426956809,1.412292015,1.729766762
Benin,BEN,8.976134361,4.225799419,2.957710826,5.836172088,2.020400448,6.045198648,4.324284031,5.734688377,3.961012138,5.341449372,5.859992101,5.330410857,4.644470026,3.444044849,4.429629024,1.711577628,3.947013747,5.986515522,4.889898637,2.32930121,2.110199297,2.962750351,4.816478241,7.189716312,6.351831941,2.095808383,3.96485991,5.584195081
Burkina Faso,BFA,-0.60292848,9.069984461,0.232710763,3.461384935,1.315007272,5.716373867,11.01474387,6.316834735,7.307719633,7.404178966,1.820241893,6.613399555,4.353004323,7.802439898,4.478474349,8.661861605,6.253158604,5.655005118,7.29449815,2.962014371,5.373373126,6.626865192,6.452698755,5.792589317,4.326837357,3.894548057,5.924577561,6.742653542
Bangladesh,BGD,5.622258162,3.485227815,5.442685551,4.711561724,3.890126441,5.121277897,4.522919218,4.489896497,5.177026873,4.670156368,5.293294718,5.077287776,3.83312394,4.739567399,5.23953291,6.535944941,6.671868265,7.058636206,6.013789759,5.045124794,5.571802274,6.46438388,6.521435078,6.013596067,6.061093054,6.552633316,7.113465228,7.284208377
Bulgaria,BGR,-9.117377097,-8.445355238,-7.272387907,-1.480214829,1.818011241,2.860189441,0.704680678,-1.088820247,3.4627297,-6.009846314,4.940553776,3.770217793,5.9375164,5.156218443,6.435358323,7.123511076,6.874358379,7.344421909,6.021883402,-3.586145625,1.324087801,1.914905853,0.030969869,0.862165094,1.328756736,3.617459615,3.941097844,3.561642856
Bahrain,BHR,4.437997176,11.22999878,6.689998367,12.87000667,-0.250001485,3.929991545,4.110006115,3.092999787,4.790002789,4.29999896,5.299994794,2.491033565,3.614148289,6.023951196,6.980946984,6.768939709,6.468567672,8.292443822,6.245128341,2.539772469,4.334407088,1.983823256,3.732251521,5.416503715,4.34984233,2.861967825,3.215933639,3.884830534
"Bahamas, The",BHS,-1.596249086,-4.181784638,-3.825582728,0.307806938,3.148916191,4.378751399,4.22353068,2.06223949,4.716482216,7.144114758,4.149243017,2.625684058,2.704561615,-1.264720771,0.88283993,3.395355597,2.516849119,1.446544635,-2.323966973,-4.175260401,1.538777407,0.612897452,3.08668686,-0.410428618,-0.147988573,1.044959524,-1.689549856,1.437191339
Bosnia and Herzegovina,BIH,,,,,,20.80000055,88.9576648,34.38957459,15.59999636,9.599999795,5.500000436,4.399999507,5.300000267,4.000000065,6.099999771,8.758230335,5.378476821,5.728756912,5.583127589,-2.98966262,0.86798323,0.955704511,-0.821736963,2.349390744,1.149628083,3.07674732,3.144077384,3.031388275
Belarus,BLR,,-1.19999561,-9.600001258,-7.600001956,-11.700004,-10.40000053,2.800004698,11.40000547,8.399991587,3.399999138,5.800003498,4.725306006,5.045267318,7.043192675,11.44974293,9.400001668,9.999994662,8.600006544,10.1999996,0.199995239,7.793697905,5.543710696,1.731392764,1.023985463,1.723085689,-3.829569366,-2.526450606,2.421906267
Belize,BLZ,10.62857607,10.49704249,12.0357579,6.276563742,0.157938679,0.643973578,1.428722665,3.545178858,3.740956602,8.780371455,13.03876213,5.015662999,5.118559443,9.326537858,4.650468034,2.578742031,4.582560297,1.104310804,3.228494977,0.71311775,3.32444222,2.103950804,3.801292507,0.713299838,4.045302801,3.794991955,-0.486536511,0.883603673
Bermuda,BMU,0.019212296,-3.534383404,-0.059737157,3.008567444,0.599613153,4.399147856,2.600476046,4.6,3.9,3.382648714,9.317155577,7.222436009,-1.477790375,3.410706204,2.321266476,1.674207149,5.543865928,2.845890114,1.52789391,-5.284177149,-2.094113534,-3.33949441,-4.834540171,-2.511154431,,,,
Bolivia,BOL,4.63578591,5.266527472,1.646496933,4.269293696,4.667270435,4.678272586,4.361343058,4.954208743,5.029352337,0.426889577,2.507807553,1.683800939,2.485564847,2.711340707,4.173294318,4.421434767,4.797009171,4.564382752,6.148497195,3.357001259,4.126722565,5.204092718,5.122274661,6.796011706,5.460569752,4.857187895,4.263919404,4.195207019
Brazil,BRA,-3.102355949,1.511937238,-0.46691321,4.665168989,5.334551702,4.416731354,2.207535528,3.395028637,0.338356179,0.469066587,4.11248424,1.382832028,3.054016493,1.139886869,5.764411607,3.196464112,3.957296829,6.060353585,5.090857911,-0.125775154,7.541798636,3.985277615,1.933107889,3.010305581,0.508210254,-3.549767247,-3.468162856,0.976085681
Barbados,BRB,-3.3,-3.9,-7,1.2,3.8,2,4,4.7,3.7,0.4,2.3,-2.4,0.8,2.2,1.4,4,5.7,1.8,0.1,-4,0.3,0.7,0.3,0,0,0.9,2,1.671064204
Brunei Darussalam,BRN,1.089420535,3.145941362,4.758580846,0.304572874,3.145397395,4.47870734,2.878317747,-1.471171572,-0.558508851,3.052157142,2.849421858,2.744040518,3.872096967,2.903955477,0.504318253,0.387507208,4.397719678,0.154581812,-1.939714638,-1.764535541,2.598965746,3.745318352,0.912841671,-2.126028517,-2.34974675,-0.566814609,-2.46551471,1.328751395
Bhutan,BTN,10.87643469,-0.407876089,4.600891432,1.98636659,4.95150367,7.074117278,5.565172862,5.373838519,5.914030835,7.983972022,6.93302424,8.203773861,10.72784061,7.664334042,5.896408192,7.12255965,6.849365932,17.92582494,4.768354226,6.657223796,11.73085436,7.890913893,5.071709815,2.142496554,5.745455168,6.597448486,7.990705411,6.818777705
Botswana,BWA,6.772821949,7.458709112,2.917070307,1.916107142,3.627916021,7.030410261,5.829800078,8.026549026,0.721993155,9.667240742,1.987695854,0.250573867,6.069530868,4.625894792,2.705821737,4.556645657,8.363871069,8.276763793,6.245437363,-7.652310203,8.563631748,6.048316367,4.456167213,11.34342425,4.149252786,-1.697930592,4.31550627,2.359197082
Central African Republic,CAF,-2.147528066,-0.552543005,-6.424078199,0.335275685,4.89994941,7.200045558,-4.000092964,5.299936018,4.700142379,3.599974904,-2.48943244,4.464739026,3.616542192,-5.397485219,5.994884228,0.908210515,4.77108543,4.607534855,2.054130962,1.70923922,3.046634733,3.300719157,4.112797869,-36.69995244,1.040018047,4.799886081,4.531285963,4.299938053
Canada,CAN,0.154346036,-2.125692233,0.882976026,2.655235883,4.493474619,2.677708436,1.611048031,4.279812433,3.881759144,5.1632109,5.182690286,1.770819089,3.010016308,1.802273312,3.085961209,3.201382137,2.623412623,2.06274769,1.000360973,-2.949587643,3.08351422,3.141219001,1.745472283,2.475001859,2.855739204,1.000882494,1.414102746,3.047350681
Central Europe and the Baltics,CEB,,-9.742808201,-1.760222013,1.571998541,4.124722496,5.776079007,4.337913181,3.065367941,2.676077445,2.065320345,4.039072185,3.044007033,3.461661745,4.443642362,5.58252185,4.929684443,6.56591168,6.388687589,3.75897445,-3.506608569,1.712525407,3.210544154,0.639478863,1.345862088,2.973749693,3.805115506,3.064467377,4.582488748
Switzerland,CHE,3.674625638,-0.915816563,-0.043733008,-0.125983541,1.269757693,0.480866443,0.540027605,2.340149884,2.989891846,1.694719834,3.936823453,1.312423669,0.162612902,0.039576568,2.7762235,3.11524553,3.988634221,4.111877812,2.154701861,-2.222107121,3.002699108,1.692808495,1.006024097,1.852039757,2.449218097,1.226384359,1.375884496,1.086792219
Channel Islands,CHI,,,,,,,,,,3.770263675,5.826641469,-1.51296126,-1.632206598,-3.202156942,0.224197396,1.377734157,4.882299364,5.898329661,,,,,,,,,,
Chile,CHL,3.333565473,7.804392186,11.16670773,6.588783827,5.030197977,8.933295869,6.802916596,7.427889808,4.324579497,-0.412096167,5.326938419,3.303047313,3.106970532,4.091047685,7.209539709,5.742830489,6.317176343,4.905324504,3.529530553,-1.564239443,5.844177296,6.110918829,5.318628,4.045004298,1.766739784,2.305257138,1.265867603,1.489906004
China,CHN,3.907113896,9.294075913,14.21616358,13.86757602,13.05215872,10.94922737,9.928372463,9.230769231,7.837613919,7.667486171,8.491508492,8.33991055,9.130645945,10.03560303,10.11122346,11.39577594,12.71947902,14.23138804,9.654289373,9.399813171,10.63614046,9.536443008,7.85626211,7.757635146,7.297665959,6.900204817,6.7,6.9
Cote d'Ivoire,CIV,-1.095908411,0.040925169,-0.244560612,-0.1924851,0.811206685,7.125744724,7.729327422,3.743553144,4.930679628,1.617527443,-2.068400057,0.121371915,-1.667642138,-1.359535943,1.23177284,1.721247367,1.515842364,1.765036784,2.542841476,3.251453719,2.017638592,-4.387254788,10.7065041,8.889421302,8.79407739,8.842865442,8.342113096,7.797005627
Cameroon,CMR,-6.105697646,-3.808599372,-3.100003211,-7.932066575,2.123935444,3.469792148,4.361086518,5.231320709,4.502291241,4.292016945,3.553374364,4.368084242,4.237203677,4.567195256,6.780955924,2.020662307,3.457668793,4.902201732,3.488800919,2.198664102,3.422507641,4.129277161,4.543265016,5.40426571,5.884059327,5.651463744,4.450453266,3.177084706
"Congo, Dem. Rep.",COD,-6.568310695,-8.421051499,-10.50000856,-13.46905054,-3.899996803,0.69999883,-1.023172642,-5.617046599,-1.624154045,-4.270140831,-6.910927317,-2.100173025,2.947765184,5.577822311,6.738373933,6.135151155,5.320979565,6.259477765,6.225894269,2.85506401,7.107976576,6.87467089,7.086898947,8.481956636,9.470288098,6.91618781,2.399379098,3.70085075
"Congo, Rep.",COG,1.000003567,2.395367454,2.611948052,-0.979683206,-5.493075745,3.985324378,4.290481556,-0.62481215,3.73755277,-2.582199357,7.575980392,3.8026019,4.581870061,0.813264075,3.476631623,7.755758978,6.235997013,-1.58222275,5.572233235,7.468942484,8.751601459,3.420665681,3.799971313,3.440705249,6.779916158,2.646485877,-2.800018788,-4.589083578
Colombia,COL,6.042038478,2.277231497,5.032677497,2.365650574,5.835811494,5.202437593,2.055854712,3.430293678,0.56978409,-4.204015244,4.419993,1.677898308,2.503980465,3.918271904,5.333022067,4.706555934,6.697515258,6.900627655,3.546804886,1.651549245,3.971800705,6.589511516,4.043943806,4.874065579,4.39360834,3.052016573,2.043059733,1.768071778
Comoros,COM,5.091392685,-5.395598907,8.530923433,3.005937478,-5.276682038,3.610129478,-1.291668436,4.030340669,1.282662475,1.924123666,10.84807495,2.332936494,2.324779259,2.104101953,1.919602379,2.837407764,2.646899868,0.800152799,0.400266855,1.949999978,2.199999982,2.600000088,2.999999972,3.499999994,2.061639469,1.015118459,2.200000023,2.5
Cabo Verde,CPV,0.692171874,1.404146852,10.93764724,8.708311376,19.18264182,14.21163626,11.34652473,11.11842604,12.51728567,11.22264853,14.28486883,2.231654493,5.250891246,4.176259302,10.19707261,6.912457988,7.983750447,15.17068797,6.650520523,-1.270425968,1.466790097,3.968886345,1.081918279,0.802797601,0.611212666,1.006863728,3.817470428,3.891335233
Costa Rica,CRI,3.904917795,2.571919975,9.196560573,7.087517585,4.48726748,4.121496228,1.237816293,5.564945334,6.96170009,3.943353886,3.73453301,3.490469432,3.291753197,4.255476254,4.336575111,3.870873066,7.237732806,8.167896352,4.649598233,-0.970548313,4.951863844,4.30710166,4.796919919,2.2690274,3.515338564,3.631690989,4.156361507,3.191803724
Caribbean small states,CSS,1.262895961,1.277207169,-0.453821213,2.762837601,2.851557072,3.102669362,3.377433272,3.053643092,2.962498297,4.14053004,3.494531054,2.056596486,3.75725821,5.75058849,4.074423354,3.708184363,6.67221132,3.159903015,1.296628546,-3.499164714,1.413614189,1.050031515,1.358767933,0.985441793,0.5843024,1.209958924,-1.889666267,0.029012751
Cuba,CUB,-2.948564945,-10.69269725,-11.5806029,-14.87818062,0.716930038,2.457201143,7.838749977,2.78342506,0.15914605,6.188755307,5.914760019,3.185029904,1.424821261,3.792740223,5.77053807,11.20165656,12.06586298,7.262136966,4.116828042,1.451305431,2.390352297,2.802300836,3.014900289,2.747602563,1.047576632,4.438333589,,
Curacao,CUW,,,,,,,,,,,,,,,,,,,,,,,,,,,,
Cayman Islands,CYM,,,,,5.305202786,,,,,,,,,,,,,,,,,,,,,,,
Cyprus,CYP,7.403999506,0.739501448,9.399998832,0.700000292,5.899998774,8.468188508,1.333013436,2.56560816,5.23555375,4.828548364,5.724401738,3.60066503,3.399104373,2.475869511,4.570303485,3.724317726,4.51018332,4.820710541,3.863966058,-1.772450751,1.317777804,0.321196,-3.058274021,-5.933958448,-1.403767772,1.97906359,3.396787702,3.879754768
Czech Republic,CZE,,-11.61494236,-0.506542351,0.061904249,2.909309464,6.221406,4.222814572,-0.594659089,-0.328715516,1.432839479,4.266741357,2.908764882,1.652494055,3.602989459,4.906563764,6.533468806,6.853522334,5.602643685,2.682282724,-4.802572091,2.273420052,1.777833187,-0.799844281,-0.483671041,2.715116132,5.309238519,2.59332602,4.289078941
Germany,DEU,5.255006086,5.108261508,1.923807011,-0.956165307,2.45737182,1.737640631,0.817897617,1.84920067,1.979618407,1.987134949,2.962045368,1.695471452,0,-0.709906172,1.169970413,0.706713948,3.700159572,3.260535297,1.082315404,-5.618860435,4.079933305,3.660000155,0.491992829,0.489584482,1.92969041,1.743205394,1.943625428,2.222824755
Djibouti,DJI,,,,,,,,,,,,,,,,,,,,,,,,,8.920584625,9.683798116,8.722260061,4.090263628
Dominica,DMA,5.254898279,0.607930897,2.047356934,1.680944019,1.431325265,1.974719115,2.641783027,1.490817886,4.978087155,0.683294802,0.375310954,0.473103034,-1.753160254,7.687213049,3.250144236,-0.088242377,2.9296875,6.321005693,7.120741901,-1.169757154,0.672542759,-0.231011331,-1.073508102,-0.60763179,4.427687542,-2.543734679,2.638450556,-4.213529417
Denmark,DNK,1.475244726,1.393656029,1.957011566,0.010659428,5.332448645,3.027634073,2.900068335,3.260879794,2.218161888,2.948007099,3.746900212,0.8231493,0.466344928,0.390073865,2.668193459,2.336664491,3.912980152,0.909252996,-0.512025222,-4.906525558,1.870992639,1.336774667,0.226468476,0.933349282,1.619374971,1.606608994,1.964077129,2.240138922
Dominican Republic,DOM,-5.454312395,0.944138889,11.22093274,7.364513042,2.600354268,5.685430737,5.977825114,8.885269066,6.714477712,5.940049136,4.66176228,2.459516368,4.495103403,-1.345706185,2.570134279,9.428236947,9.174355406,7.415951715,3.209504262,0.946155168,8.33965106,3.133423003,2.717367897,4.875205093,7.636031824,7.033371069,6.612208223,4.551815138
Algeria,DZA,0.80000058,-1.200000584,1.800002301,-2.100000759,-0.899996549,3.79999479,4.09999847,1.099999938,5.100003611,3.200001551,3.819678496,3.008395466,5.60932319,7.201872244,4.301624264,5.907791268,1.684488319,3.372875154,2.360134861,1.632243838,3.634145353,2.891865995,3.374768651,2.767638867,3.789121212,3.763466958,3.3,1.7
East Asia & Pacific (excluding high income),EAP,5.406076809,7.939251785,10.76401671,10.89117718,10.65047517,9.728391983,8.941538947,7.031866796,1.755280746,6.112823735,7.506141581,6.708906652,7.856707556,8.72442153,8.937314063,9.717752275,10.77609317,12.16360778,8.434676974,7.697299,9.778051828,8.45933628,7.507055058,7.193213626,6.761650304,6.492873594,6.332613497,6.583177307
Early-demographic dividend,EAR,5.899035822,5.167441175,4.392368442,3.505528089,2.936148573,2.720054747,5.51381461,4.745487282,1.901579426,1.502283743,4.47255305,0.945741164,1.578113497,4.751603545,6.711472906,6.323683423,6.319507264,6.208224281,3.58513499,0.704366667,6.464632154,5.23193225,4.233965537,4.305662775,4.015277276,4.659343835,4.53092925,4.61047763
East Asia & Pacific,EAS,5.104187208,4.444856106,3.427711729,3.155388134,4.313526963,5.109730535,5.087374265,3.469700728,-0.095792769,2.991669675,4.882570716,2.676593791,3.60676112,4.25506541,5.142035947,5.049944848,5.540111625,6.46259337,3.520521406,1.391998372,7.065366062,4.616971781,4.682202389,4.749631862,4.127668998,4.16457268,4.105563478,4.552451877
Europe & Central Asia (excluding high income),ECA,-1.407043384,-5.235872956,-10.42901526,-5.48473645,-10.45295251,-1.219325038,0.049565179,2.690228475,-1.727760698,2.108955533,8.010578767,2.62261396,5.47611844,6.829839052,8.276477813,7.131475314,8.132260745,7.69251887,4.362759016,-5.994603258,5.166788503,6.556370975,3.638076192,4.022562328,2.2121431,0.566405766,1.505102375,3.989558844
Europe & Central Asia,ECS,2.322463868,0.440616967,-0.604597085,-0.838559987,1.077002827,2.157816555,1.77160334,2.974540853,2.478974156,2.905574848,4.300624328,2.201226925,1.745457035,1.871561939,3.247895068,2.75862045,3.934956175,3.702042972,1.005897999,-4.468039748,2.577869633,2.404697901,0.291667621,0.892296959,1.833802277,1.968127006,1.822728052,2.594949652
Ecuador,ECU,3.679914053,4.291342398,2.114310675,1.973218079,4.258250468,2.252548774,1.731747514,4.327864764,3.266529404,-4.739385791,1.091801564,4.0156299,4.096776659,2.722877337,8.211020917,5.291308267,4.403526434,2.190063972,6.3571306,0.566491592,3.525298669,7.868140919,5.641962067,4.946511267,3.788868549,0.098872608,-1.576379183,2.998152934
"Egypt, Arab Rep.",EGY,5.70174926,1.078837266,4.431994172,2.900786557,3.973172322,4.642466699,4.98873054,5.491123819,4.036373365,6.105463321,5.367997672,3.53525197,2.370460092,3.19228475,4.0899404,4.478960164,6.853907786,7.090271001,7.157616776,4.673844855,5.14510637,1.779594033,2.215608782,2.185466054,2.91591188,4.372019078,4.346643456,4.181221
Euro area,EMU,3.57862937,2.65709612,1.41314914,-0.659037082,2.47128335,2.472742327,1.719925176,2.712197055,2.966342921,2.986398765,3.858590293,2.159483016,1.021776657,0.720839721,2.324469942,1.702872297,3.236758587,3.055285556,0.440132372,-4.517114542,2.084709719,1.605547544,-0.890487771,-0.24704271,1.333683054,2.085502446,1.800978124,2.366339651
Eritrea,ERI,,,,13.45476252,21.22141136,2.858379037,9.258838371,7.908684909,1.772582792,0.013480241,-3.141985774,8.75543519,3.005429218,-2.655515842,1.451735534,2.57444953,-0.969216929,1.42682206,-9.783030037,3.87650156,2.194190545,8.679799936,,,,,,
Spain,ESP,3.781393465,2.546000568,0.929215429,-1.031491775,2.383195316,2.757494033,2.674783588,3.689613998,4.305978447,4.48477443,5.289099595,4.001073835,2.879876097,3.187571476,3.166746501,3.723001788,4.174123186,3.768992408,1.11768686,-3.573751449,0.014063878,-0.998764958,-2.927750507,-1.705705,1.379997238,3.432253328,3.27446274,3.051719616
Estonia,EST,,,,,,,5.323844874,11.79861872,4.117257751,-0.856448276,10.56807495,6.328710504,6.076394702,7.416163365,6.294746225,9.373711454,10.27188409,7.748192368,-5.41945589,-14.72440391,2.259075894,7.597300209,4.307258988,1.936543444,2.890710968,1.674286623,2.063262785,4.854136829
Ethiopia,ETH,2.726451783,-7.137479708,-8.672480128,13.14283396,3.18996457,6.127511412,12.42617378,3.133906867,-3.458139148,5.162145824,6.073217492,8.301306322,1.514725693,-2.161359721,13.57260315,11.81876594,10.83472707,11.456167,10.78852168,8.802553202,12.55053834,11.17829624,8.647811635,10.58227004,10.25749296,10.39246302,7.56176669,10.24581085
European Union,EUU,2.973494621,1.428001098,1.059458257,-0.147189537,2.836744223,2.682218636,1.981936299,2.89478246,2.972624004,3.019019892,3.865064945,2.203957939,1.354091625,1.31441749,2.568904088,2.108886187,3.34804589,3.079397346,0.483846979,-4.348762085,2.100617664,1.706003477,-0.424744451,0.258024319,1.743221281,2.316113007,1.957070595,2.435083499
Fragile and conflict affected situations,FCS,14.86902276,-18.62574956,5.612145713,6.555627094,3.628524596,3.559989108,6.955752451,7.625911562,11.94248732,7.12515271,1.855969985,2.856259851,-0.428099185,-4.678054313,14.04278055,6.734900777,6.770492296,5.401146815,5.391188519,4.714530098,6.190742227,-5.451466484,14.07921357,3.6404464,1.084763601,2.188887527,4.298242127,3.443579705
Finland,FIN,0.675783494,-5.914425874,-3.32462938,-0.734493304,3.93926095,4.207130673,3.658833063,6.251807841,5.428512567,4.444134273,5.634847452,2.580792075,1.680325089,1.993984087,3.926057175,2.779955031,4.055197444,5.184800809,0.720668487,-8.269036558,2.992337502,2.570817745,-1.42618936,-0.758036295,-0.631728091,0.135082255,2.135381815,2.634254746
Fiji,FJI,5.800002719,-2.700002821,6.100001394,2.130031625,5.100000159,2.499998538,4.800000929,-2.200000762,1.300001962,8.799998029,-1.69999854,1.999999468,3.200000514,0.999998468,5.300000292,0.700000383,1.852483092,-0.850653535,1.032794215,-1.386037485,2.954672074,2.705142971,1.411313661,4.734220415,5.603514517,3.844407023,0.380003448,3.800000088
France,FRA,2.914009698,1.03910533,1.599671216,-0.612652837,2.345385598,2.085084531,1.38800403,2.337333406,3.556201255,3.407099148,3.875162259,1.954449424,1.118456891,0.819531669,2.786424111,1.607713814,2.3749469,2.361498874,0.195294767,-2.941341058,1.965657376,2.079229174,0.182693034,0.576241546,0.947586472,1.067461647,1.187650381,1.819400181
Faroe Islands,FRO,,,,,,,,,,,,,,,,,,,,,,,,,,,,
"Micronesia, Fed. Sts.",FSM,3.740926857,7.427341227,4.008016032,8.140655106,-0.534521158,7.084012539,-3.111552175,-6.065738569,2.955722519,1.383750704,4.5632095,1.747193334,0.599899534,1.946828691,-3.130759374,2.056752063,-0.130715913,-1.962406049,-2.217724288,1.177192743,2.041890243,3.347067156,-1.989479307,-3.858525094,-2.156058931,4.931500557,-0.063760472,2
Gabon,GAB,5.192237277,6.112503483,-3.090145652,3.946555008,3.712754841,4.973847763,3.62504902,5.738367395,3.477833587,-8.932622802,-1.882966398,2.135233422,-0.249033169,2.247330012,0.689543058,2.676211565,-2.806595061,6.008115742,-3.308420376,0.13033198,7.088692053,7.092010328,5.252365931,5.638928732,4.313995325,3.879257595,2.082380316,1.104719332
United Kingdom,GBR,0.731800512,-1.086543253,0.373976459,2.526924879,3.880038517,2.469734452,2.538654447,4.038248414,3.137808431,3.216724592,3.66412896,2.544130573,2.457877617,3.325909315,2.364455337,3.096088937,2.455999651,2.35670823,-0.472540317,-4.187759438,1.69454714,1.45262397,1.481329829,2.052388508,3.054251012,2.345939517,1.93579095,1.787150985
Georgia,GEO,-14.7882259,-21.10000057,-44.89999991,-29.30000147,-10.39999328,2.599995222,11.20000269,10.51904065,3.104903424,2.869256461,1.838341787,4.805452136,5.473838085,11.05810212,5.857329773,9.599640804,9.383276297,12.34399988,2.314047429,-3.650101341,6.24941822,7.22152322,6.350482702,3.387043755,4.62333166,2.880318509,2.848973396,4.98609476
Ghana,GHA,3.328817883,5.28182629,3.879419253,4.850000564,3.299999591,4.11241904,4.602461045,4.196357576,4.700390779,4.39999686,3.700000115,4,4.499999699,5.199999984,5.59999999,5.900003953,6.399912419,4.346819153,9.149799094,4.844486889,7.899711912,14.04712365,9.292789414,7.312525021,3.985865624,3.837040864,3.721902905,8.507156219
Gibraltar,GIB,,,,,,,,,,,,,,,,,,,,,,,,,,,,
Guinea,GIN,4.324062754,2.613423005,3.270947301,5.044144542,3.970099106,4.607673202,4.461575085,5.181603459,3.644121242,3.812004035,2.503060561,3.658346471,5.164609466,1.24860126,2.340117313,2.997272562,1.180140446,6.827474427,4.136616153,-1.117638595,4.820715414,5.612104279,5.916911732,3.934784025,3.707451613,3.81494989,10.45410582,8.24984423
"Gambia, The",GMB,3.558879369,3.107039256,3.378688939,3.012101064,0.154346248,0.881848176,2.223545592,4.899999092,3.499998513,6.399999316,5.500000174,5.800000236,-3.250000307,6.869999803,7.049999934,-0.941675912,1.124099702,3.631025533,5.734641946,6.449695858,6.526297452,-4.295121773,5.599761222,4.788921982,0.900000083,4.299999773,2.216333663,3.500000132
Guinea-Bissau,GNB,6.099999986,5.100000023,1.099999971,2.1,3.20000002,4.400000008,11.6,6.5,-28.09997973,1.025537409,5.426987367,2.188906815,-0.985177525,0.568510176,2.76140199,4.266098931,2.309357995,3.262955463,3.203567303,3.368974948,4.61097091,8.084779738,-1.712683013,3.25590425,0.964560752,6.134082942,6.262805645,5.91897567
Equatorial Guinea,GNQ,-1.758564084,-1.022238878,34.74532003,11.03321304,16.66883554,17.48626373,66.57999722,149.9729635,23.77448233,25.66401544,18.21377996,63.37987543,19.46283404,13.95525032,37.99872686,16.74870061,7.704917607,15.28211392,17.79910913,1.343356288,-8.924175889,6.52392363,8.312871844,-4.133192499,0.415061836,-9.089058793,-8.57588213,-3.220228142
Greece,GRC,0,3.099999982,0.700000012,-1.600000003,2.000000007,2.099719767,2.862128846,4.484199148,3.894904772,3.072596664,3.919770772,4.131612076,3.922871842,5.794531264,5.060992565,0.599142055,5.65243372,3.273746857,-0.335172557,-4.300733667,-5.479037108,-9.132494153,-7.300493935,-3.241425025,0.739777123,-0.290902297,-0.244314741,1.351328389
Grenada,GRD,4.012610243,1.385547418,-0.851148756,-1.958815581,1.693556044,2.12947515,4.438234716,5.015494609,11.74299414,6.908415677,4.887952137,-2.023900041,3.43732353,9.463973431,-0.647450316,13.27306387,-3.992680103,6.122910261,0.949050949,-6.613908956,-0.511266454,0.764825341,-1.155295176,2.352300913,7.34314562,6.437965461,3.683789093,3.730320732
Greenland,GRL,-11.71953298,-0.113464597,-5.111700032,-5.027932629,5.924369801,3.728677489,1.529637361,1.468926381,7.757981745,1.377884445,7.101596882,1.269035079,-0.971177311,4.432005653,7.061285389,4.833818322,5.555694901,2.352437981,6.166132702,0.865952329,1.735825059,-0.496519392,1.39419336,-1.694664658,5.312726049,0.31010915,7.662998895,
Guatemala,GTM,3.10256318,3.658248747,4.838338808,3.927131992,4.033741477,4.948547507,2.957779899,4.364089932,4.993527823,3.847062161,3.608868745,2.33257416,3.866626553,2.530789948,3.152081835,3.260111043,5.379776769,6.304056515,3.281152283,0.52567459,2.869902893,4.161945918,2.970025412,3.697177338,4.174400627,4.140044358,3.092487959,2.760329473
Guam,GUM,,,,,,,,,,,,,,0.920598389,6.431014823,3.535461753,-3.828642384,0.81773187,1.728922092,0.314729333,2.091612633,0.12292563,2.025782689,1.845166466,1.555730603,0.484777972,0.347356233,
Guyana,GUY,-3.038084903,5.984609957,7.831446686,8.213837994,8.523309353,4.986313614,7.883466726,6.226948358,-1.708567128,2.969880978,-1.376727515,2.249999297,1.051000768,-1.00525525,3.293924791,-1.956911156,5.129795407,7.019953223,1.976647054,3.552158264,4.138443121,5.196298129,5.276306143,5.000564991,3.846923912,3.162407787,3.316131655,2.924668313
High income,HIC,3.108971647,1.599620714,2.160409414,1.245068695,3.219328772,2.834069287,2.99384141,3.414868396,2.717429543,3.221422367,4.002640009,1.424418385,1.462217629,2.156826048,3.323936125,2.791823471,3.034729592,2.653290875,0.352123929,-3.42418157,2.988709108,1.883480993,1.249631763,1.394706713,2.015649346,2.338285782,1.656341386,2.231991588
"Hong Kong SAR, China",HKG,3.830522186,5.701974125,6.234935663,6.201169293,6.036118892,2.373788251,4.258611118,5.09971068,-5.882672568,2.50669779,7.663468037,0.560870813,1.656637517,3.056318919,8.700025431,7.388245723,7.032730655,6.464833407,2.127940781,-2.459049593,6.767682599,4.814687282,1.700307798,3.10148883,2.762416633,2.38784571,2.162923295,3.79134856
Honduras,HND,0.096880396,3.252033819,5.624295813,6.230032036,-1.303257181,4.062976116,3.595249724,4.993718608,2.901585416,-1.889534893,5.748148174,2.723193273,3.754337861,4.547038052,6.232302961,6.050599222,6.567243552,6.188327167,4.23160011,-2.43162788,3.731140344,3.835690662,4.128687749,2.791559757,3.058080562,3.840079971,3.75214891,4.78529791
Heavily indebted poor countries (HIPC),HPC,-1.112619069,0.850366673,-0.654554613,0.684480196,0.30953685,4.745434332,5.434167259,4.372712346,3.553400681,3.022683243,2.777453977,4.28268289,3.542956888,4.566077098,5.560208476,6.136744533,6.06506386,6.686074505,6.021020222,4.268189689,5.689597141,4.738977893,5.797213623,5.769791882,5.607802687,5.0884916,4.521366354,5.253526817
Croatia,HRV,,,,,,,5.873698253,6.645474107,1.861880909,-0.935499992,3.756522687,3.434404358,5.246474526,5.557907054,4.082810672,4.163701796,4.785260833,5.150004954,2.053365523,-7.383783013,-1.420441324,-0.32596709,-2.244694661,-0.648034654,-0.096176262,2.347349627,3.165417824,2.778282661
Haiti,HTI,,,,,,,,2.704713426,2.181840958,2.710247351,0.870059795,-1.044374892,-0.251464339,0.363800349,-3.522888166,1.805011228,2.2492216,3.343279015,0.843944329,3.083247688,-5.497792337,5.523737754,2.885096051,4.234052891,2.810148498,1.211218343,1.452707027,1.173279505
Hungary,HUN,,,-3.064180345,-0.576108518,2.947154557,1.489525475,0.014154782,3.340163587,4.235847737,3.186896354,4.209179932,3.840510445,4.528205916,3.848619662,5.004918024,4.388215174,3.851172967,0.434761639,0.855513037,-6.59997406,0.682378151,1.661916737,-1.643779899,2.096216708,4.227733353,3.367145175,2.21318749,3.98871037
IBRD only,IBD,2.045175774,1.071531891,0.987035463,3.056460204,2.618595522,3.71317677,4.870241705,5.035073172,1.972061667,3.138494348,5.619588939,3.268060006,4.112160507,5.354940082,7.675276753,6.989952119,8.027675482,8.685698072,5.629603013,2.063822736,7.457744036,6.184729883,5.011057197,4.978403628,4.268634965,3.838527334,4.087308381,4.869962675
IDA & IBRD total,IBT,2.167789903,1.090724528,0.979330643,2.95952959,2.53380359,3.681926726,4.878271907,4.920494313,2.054946521,3.124240673,5.513855352,3.325848894,4.065972532,5.377095042,7.956929432,6.910967832,7.950284428,8.552785023,5.604692227,2.249424788,7.368798217,6.083677798,5.024172429,5.019435512,4.363386043,3.844473842,4.013148382,4.839401002
IDA total,IDA,3.895876415,1.368263315,0.868239772,1.563171937,1.305047692,3.223052816,4.996584466,3.249825233,3.284755687,2.915438802,3.954831568,4.186513248,3.384253331,5.703187605,12.08883732,5.797875783,6.847356384,6.637668112,5.238863671,4.985212849,6.094212891,4.617000144,5.217689661,5.623678229,5.750182727,3.92880575,2.962343113,4.398720892
IDA blend,IDB,6.781111317,1.335553528,1.255671346,1.387373785,1.951095148,1.856040175,4.821044989,2.042031247,2.660785005,1.880461571,3.891675407,3.335346955,2.850956574,6.099182214,18.3153435,4.979067016,7.030889432,6.087169702,4.230099645,5.221971369,6.099874341,4.78982245,4.531436362,5.259547077,5.860227858,3.833706339,1.576902167,2.732859258
Indonesia,IDN,7.242131639,6.911982836,6.497506517,6.49640812,7.539971096,8.220007399,7.818187077,4.699878854,-13.12672549,0.791126082,4.920067747,3.643466447,4.499475391,4.780369122,5.030873945,5.692571304,5.500951785,6.345022227,6.0137036,4.628871183,6.223854181,6.169784208,6.030050653,5.557263689,5.006668426,4.8763223,5.033279592,5.067680274
IDA only,IDX,0.598539571,1.406090328,0.42050879,1.767113463,0.572123493,4.795157443,5.194413182,4.580047453,3.955297371,4.013813064,4.020481633,5.065123035,3.925512256,5.31313179,5.909933784,6.705599845,6.647185393,7.240231398,6.331162089,4.733914331,6.088175754,4.432689214,5.954502672,6.009385811,5.634441428,4.029041498,4.419870028,6.126607627
Isle of Man,IMN,4.186976816,1.604987887,0.787296104,2.568276022,4.00366464,4.280900474,7.715996458,8.581528171,13.50925874,13.69321623,5.338364279,5.376166334,5.868974884,6.327778883,5.199996721,5.900003046,7.700001498,7.457065044,9.84866342,2.127151152,9.415889627,4.814762146,6.249540692,4.493510306,5.03114162,-3.4,,
India,IND,5.533454563,1.056831433,5.482396022,4.75077622,6.658924067,7.57449184,7.549522249,4.049820849,6.184415821,8.845755561,3.840991157,4.823966264,3.803975321,7.860381475,7.922943418,9.284824616,9.263964759,9.801360337,3.890957062,8.479783897,10.25996306,6.6383638,5.456387552,6.386106401,7.410227605,8.154425028,7.112686097,6.624227116
Not classified,INX,,,,,,,,,,,,,,,,,,,,,,,,,,,,
Ireland,IRL,8.466527935,1.929639555,3.343274279,2.692609194,5.755827009,9.634422304,7.809274792,10.28995051,8.500199853,10.61785231,9.559889223,5.803637383,6.309274147,3.119509103,6.681227602,6.006383302,5.521667081,5.208716386,-3.935929068,-4.626771598,1.801679033,2.98490774,0.037154753,1.638845003,8.328379309,25.55726885,5.141460154,7.802381608
"Iran, Islamic Rep.",IRN,13.83378001,12.38338222,2.834727725,1.039997884,-1.51158775,2.282661073,5.173283486,0.482046871,2.177823133,0.855458607,5.8580666,0.778638733,7.26555113,8.734584435,4.374509277,3.189804087,4.999795262,8.155773524,0.250856553,1.007385458,5.797938302,2.645717918,-7.44455703,-0.194073471,4.60341888,-1.32064512,13.39622807,4.300015081
Iraq,IRQ,57.81782903,-64.04710658,32.59220783,30.28983174,3.854531293,2.120021635,11.02078741,21.23793536,34.85709471,17.58226641,1.406474735,2.30531667,-6.900180689,-33.10083738,54.15777429,4.400617409,10.15819912,1.377598148,8.228107104,3.379299094,6.402564845,7.5464712,13.93643017,7.6,0.7,4.8,11,-0.780088428
Iceland,ISL,,,,,,,,5.103964567,7.018608035,3.89449408,4.602992089,3.927535516,0.550504962,2.356712932,8.074288685,6.390526475,5.017187436,9.428280616,1.658913746,-6.50525442,-3.605636983,1.963023975,1.319260091,4.30813787,2.200346891,4.311317806,7.481450239,3.642226802
Israel,ISR,7.315199189,7.726115147,7.759266109,4.116756392,7.427845262,6.602924827,5.314386194,3.661393179,4.166588056,3.615838883,8.169051764,0.025295315,0.161829705,0.767566116,4.569715342,4.13344637,5.210821256,5.773553319,2.988395449,1.38160711,5.223903929,4.65783121,1.942507688,4.111155206,3.410136515,3.037943899,4.094335591,3.331562794
Italy,ITA,1.985774903,1.538447552,0.83427547,-0.852805758,2.151023645,2.886836739,1.286369404,1.83536199,1.616076034,1.55985028,3.710106587,1.772188761,0.24854744,0.151318188,1.581938861,0.949666258,2.006586655,1.473868547,-1.050402835,-5.48205504,1.686523403,0.576623022,-2.819013779,-1.728160802,0.113673238,0.951958872,0.85826263,1.502291372
Jamaica,JAM,4.200535115,4.838238753,1.955542502,9.417102567,1.383389803,2.349957041,-0.113731206,-1.140459872,-2.334553543,1.047673871,0.878703548,1.344929564,1.997290944,3.666317593,1.3237251,0.893797936,2.89912535,1.431954037,-0.811736703,-4.336536349,-1.466295551,1.731465278,-0.623958289,0.498740903,0.682766679,0.892651592,1.373527361,0.481488516
Jordan,JOR,0.97375649,1.823896404,18.66483555,4.630914985,4.986439995,6.186342349,2.087347509,3.307893007,2.993938324,3.409474478,4.245247419,5.268616571,5.784480682,4.161050302,8.567297894,8.146583289,8.093331161,8.175719022,7.23240848,5.47658105,2.311392474,2.586784331,2.651170555,2.828766804,3.096330275,2.39169597,2.003733642,1.970023751
Japan,JPN,4.892713066,3.417496762,0.848069581,-0.517919847,0.993066363,2.742140322,3.099999291,1.076045234,-1.128409829,-0.251954272,2.779632825,0.406335903,0.117992777,1.528220148,2.204687882,1.662670405,1.420006556,1.654183881,-1.0935406,-5.416412797,4.191739259,-0.11542134,1.495089586,2.000267841,0.374719476,1.353823114,0.938193886,1.712581131
Kazakhstan,KAZ,,-11,-5.299999999,-9.200000002,-12.6,-8.200000003,0.500000002,1.699999999,-1.899999999,2.699999998,9.800000002,13.5,9.800000002,9.3,9.6,9.699999999,10.7,8.9,3.3,1.199999999,7.3,7.4,4.8,6,4.2,1.2,1.1,4
Kenya,KEN,4.192050974,1.438346791,-0.79949396,0.353197256,2.632784519,4.406216526,4.146839267,0.47490192,3.290213723,2.305388596,0.599695392,3.779906496,0.54685953,2.932475546,5.104299776,5.906666082,6.472494299,6.850729771,0.232282746,3.306939815,8.405699224,6.10826372,4.563209131,5.878689477,5.357116778,5.718507131,5.869192849,4.88544448
Kyrgyz Republic,KGZ,5.702796635,-7.851065742,-13.88870885,-15.45932467,-20.08515857,-5.423822049,7.084502419,9.915168114,2.121835392,3.655789576,5.426673849,5.32158429,-0.017353166,7.030296139,7.026859719,-0.175548229,3.102898691,8.542874896,8.401615957,2.8862947,-0.471566848,5.956274377,-0.088150193,10.91546938,4.024038629,3.875825531,4.335855901,4.583638398
Cambodia,KHM,,,,,-34.80863877,9.903468901,5.89750561,4.006621073,4.681632108,12.70538113,10.7119948,7.446606976,6.578939503,8.505895557,10.34052878,13.25008691,10.77108367,10.21257391,6.691577475,0.086696959,5.963078575,7.069569946,7.313345505,7.356665149,7.142571101,7.036087179,6.953094396,6.814723618
Kiribati,KIR,-0.869565217,0,0.877192982,0.869565217,1.724137931,0,1.694915254,1.666666667,6.557377049,-1.538461538,6.25,-1.470588235,3.787462687,2.006324636,-1.629360204,4.951631626,-1.581000681,2.202171925,-1.847437264,0.289623952,-1.607639217,0.476842245,5.187798487,5.782166321,0.893016655,10.29603364,1.140247258,3.102807007
St. Kitts and Nevis,KNA,4.890818842,-2.148359682,4.277277035,7.005372884,5.313154173,5.752822815,5.886159705,6.896333415,-0.667313658,3.38849989,10.69432128,5.463779664,2.582169298,-3.615197641,3.606676751,8.771432629,1.812032581,-0.176540921,6.291915218,-3.020041565,-2.249103079,2.398730628,-0.600550412,6.219894476,5.963056556,3.976354829,2.209120435,1.743095266
"Korea, Rep.",KOR,9.811229684,10.35395136,6.175505687,6.846743917,9.206141515,9.570604132,7.594509089,5.922185464,-5.471219258,11.30862149,8.924426034,4.525306764,7.432433614,2.933217902,4.89984045,3.923677392,5.176153818,5.463396393,2.829223173,0.707509946,6.496793586,3.681688569,2.292397846,2.896204935,3.341447761,2.790236167,2.929304795,3.062768462
Kuwait,KWT,,,,33.99046707,8.436165768,4.858291224,0.605126978,2.473325247,3.662055103,-1.789009463,4.694581988,0.729026414,3.000000009,17.32000038,10.7621943,10.07595099,7.52024923,5.991661246,2.479843833,-7.076102616,-2.367061944,9.628436082,6.626388081,1.149038847,0.500876982,0.593019617,3.547005088,-2.866431054
Latin America & Caribbean (excluding high income),LAC,0.582199087,2.942368364,1.744524394,3.64464063,4.474375027,1.573141644,3.202377889,4.721363565,1.821288086,0.326354852,4.188281902,1.146469366,1.147552391,0.870077023,6.035124302,3.926267865,5.11006932,5.380607558,4.051318418,-1.529302836,5.613853703,4.212547629,3.07326064,2.800583161,1.275629672,-0.339278681,-0.445587577,1.598900751
Lao PDR,LAO,6.704578687,4.296563641,5.559857768,5.912556556,8.15901853,7.031254328,6.928323725,6.872091273,3.967608091,7.306376073,5.798782326,5.751412882,5.918743682,6.067002304,6.35769548,7.107568369,8.619266209,7.596828801,7.824902763,7.501774913,8.526905517,8.038652681,8.026098434,8.026300226,7.611963441,7.269591775,7.023091874,6.892747966
Lebanon,LBN,26.53316009,38.2007091,4.499936955,6.997966118,8.003148048,6.53494563,5.136503876,-2.286786101,3.592643299,-0.453074266,1.34406653,3.871259086,3.415104761,3.222473968,5.913768934,2.732282853,1.556479033,9.349502765,10.47387233,10.05447737,8.037249555,0.9176978,2.804246836,2.636234039,2.002921346,0.815560066,2,2.020832396
Liberia,LBR,-51.03086495,-14.22521176,-35.08568109,-32.9753915,-21.7623498,-4.266211604,12.12121212,106.2798092,30.20813102,21.74144788,28.61593335,2.918717298,3.762764999,-30.14522252,2.620605256,5.28197573,8.043162022,9.534892858,7.146939285,5.300099075,6.099944692,8.199998146,7.99445127,8.703875016,0.701141636,0,-1.6,2.454596437
Libya,LBY,,,,,,,,,,,3.679213293,-1.762878168,-0.958849381,13.01600108,4.461629982,11.87072893,6.500547227,6.352316994,2.66735579,-0.790141832,5.021289739,-62.07591958,123.139555,-13.6,-24,-8.862039401,-2.795468829,26.67587032
St. Lucia,LCA,9.918963793,0.577777011,7.779463398,0.609627251,1.760636019,1.690371491,2.944126917,-0.532010724,6.299899844,2.719610189,0.040295207,-3.316017287,0.339666287,4.325733879,7.249075599,-0.36249053,6.222282022,0.985386171,5.654321009,1.180015169,-1.622156007,0.630457972,0.181454981,3.394611044,-0.21548569,1.963608034,1.653612508,2.690312051
Latin America & Caribbean,LCN,0.386508854,3.722113186,2.864056992,3.915461627,4.607376386,1.495654,3.526330303,5.132582996,2.23034401,0.135187782,3.754907052,0.884096222,0.29396996,1.553940893,6.34555849,4.251633376,5.262886529,5.518465276,3.934284435,-1.861524329,5.836391917,4.354679272,2.802545333,2.789156133,0.993294581,0.08098876,-0.47616584,1.725354183
Least developed countries: UN classification,LDC,0.099339613,1.652318388,0.449817436,-0.398699573,1.041100847,5.748808462,5.955058284,4.866329456,3.981715159,4.156136131,4.319084616,5.318283017,5.147568971,5.628267026,6.757874172,8.721832174,8.418448126,9.468780145,7.452922258,4.820053446,5.937644124,4.19888266,5.625139832,5.906120105,5.435476768,3.775027461,3.610156926,5.264221626
Low income,LIC,0.311656062,0.458181363,-3.76529129,-0.348317908,1.500827391,3.678102298,5.361994035,3.558815028,3.421082646,3.183508659,2.336978605,4.575530685,2.465731119,3.21874428,5.51773198,6.023822855,4.853005616,6.105381528,4.933763319,5.283228518,6.731313251,4.526019972,6.308557563,5.745883169,5.702758028,1.782688265,2.477560912,5.685067696
Liechtenstein,LIE,2.252870971,1.801168977,3.608293936,4.332100221,6.866145963,5.875552199,6.905300734,7.225135037,7.761262133,10.41092416,3.220190998,-0.733091477,-0.993919345,-1.937566245,3.039173512,4.828074952,8.644969847,3.325962956,1.798087686,-1.157481822,,,,,,,,
Sri Lanka,LKA,6.399995307,4.599987245,4.399991252,6.900063252,5.599918727,5.500085232,3.799967205,6.405399698,4.698423046,4.300540498,6.00003316,-1.545408134,3.964675686,5.940269078,5.445061278,6.241748045,7.6682919,6.796826119,5.950088145,3.538912053,8.015959407,8.404738131,9.144579388,3.395722774,4.960706541,5.007683305,4.468829688,3.112558095
Lower middle income,LMC,3.658461276,1.154122367,2.310772842,1.873297141,2.900907025,4.814177872,5.996738716,3.910963379,0.392206364,4.50987073,4.360428129,4.33246332,3.972887729,6.393473314,8.590324246,6.858564752,7.651332539,7.961601418,4.972976561,5.046483778,7.412309742,5.51003669,5.156841378,5.541562998,5.665554223,5.703220568,5.182539506,5.317656577
Low & middle income,LMY,2.24186126,0.892971039,0.457651442,2.735896172,2.309536686,3.750961804,4.805727131,4.72803067,1.882138008,3.377180675,5.748738164,3.613057545,4.521683901,5.368565903,8.036794121,6.999436182,8.032829658,8.632672144,5.69436893,2.507237058,7.438798908,6.12119646,5.246518397,5.169146415,4.55113571,3.895941831,4.1863081,4.923936679
Lesotho,LSO,6.04547333,6.966607027,6.956365223,3.509766247,5.979873611,3.290938577,5.597035225,3.703603718,1.537655865,0.476024858,3.875546607,3.561582447,0.723835899,4.55977684,1.692373899,3.466122936,4.230094921,4.832963322,6.739533681,2.1543082,6.072038616,6.901334072,5.998071843,1.843045061,3.121721844,2.516587746,2.397154488,5.590876671
Late-demographic dividend,LTE,0.276572223,0.445755729,-0.72318757,3.251713946,3.375762129,5.029952737,4.352281975,4.989544657,2.07817126,4.133497798,6.760837818,4.720916825,5.545667523,6.339518734,7.859116279,7.165874427,8.743072616,9.614169473,6.527735031,2.664624057,7.635175369,6.842968774,5.364998463,5.211663947,4.580160374,3.814688231,3.688738577,4.815785227
Lithuania,LTU,,,,,,,5.149958426,8.293228719,7.467176003,-1.134642895,3.83166714,6.524430875,6.760749533,10.53856477,6.550083027,7.727407918,7.406444355,11.08695439,2.628077961,-14.81416332,1.639819649,6.043130715,3.82695401,3.49858087,3.537585824,2.034648974,2.344880739,3.828936273
Luxembourg,LUX,5.319932182,8.644190076,1.819652855,4.200648194,3.820921124,1.432200278,1.388428352,5.709717091,6.044651468,8.481002825,8.239799112,2.531974923,3.819469797,1.62928705,3.612176707,3.172442733,5.178485966,8.354553209,-1.279585572,-4.358607005,4.86496856,2.539234839,-0.35251936,3.654370385,5.771915882,2.861674636,3.082643316,2.297941306
Latvia,LVA,,,,,,,2.359019222,8.974129778,6.521769035,2.61895438,5.406858484,6.461310185,7.103029906,8.430691218,8.3355468,10.69703706,11.88938537,9.97926933,-3.547644225,-14.40169178,-3.940670306,6.381021259,4.034628375,2.429851208,1.858243652,2.971703832,2.208819298,4.549337701
"Macao SAR, China",MAC,7.978313377,3.659900531,13.29974059,5.185950623,4.253187965,3.295332767,-0.418563469,-0.279317065,-4.571655018,-2.358526181,5.74731531,2.888403426,8.946989686,11.65337508,26.7555231,8.059460705,13.31445817,14.44764939,3.393593534,1.320995558,25.26383542,21.67270836,9.237171168,11.20019047,-1.201113351,-21.59450546,-0.863118776,9.096103681
St. Martin (French part),MAF,,,,,,,,,,,,,,,,,,,,,,,,,,,,
Morocco,MAR,3.411812226,7.216088161,-2.097738761,-0.740591692,10.5880004,-5.405447867,12.37287628,-1.560702356,7.23855269,1.081332562,1.912872981,7.319967454,3.121449656,5.961162155,4.797018362,3.291639684,7.574631645,3.531594152,5.923277686,4.243757321,3.815717917,5.245697297,3.009961262,4.5354242,2.669493927,4.549502042,1.222443647,4.100000007
Monaco,MCO,2.643454173,1.015129919,1.366636037,-0.913915597,2.215624119,2.117151226,1.110730405,2.237247543,3.503268192,3.300541382,3.910231911,2.187729373,1.026496836,1.087535488,2.470486213,1.895413784,5.049346202,14.58244232,10,,,,,,,,,
Moldova,MDA,,,,,,,-5.877060161,1.647064468,-6.54219202,-3.368254442,2.107716052,6.100000281,7.799999787,6.599999906,7.39999984,7.500000095,4.799999869,3.000000199,7.8000001,-6.000000259,7.100000092,6.800000288,-0.700000153,9.400000099,4.799999749,-0.40000013,4.499999966,4.4999999
Madagascar,MDG,3.130029428,-6.309534393,1.186152287,2.096559819,-0.071608256,1.712213176,2.148915048,3.693492606,3.932336443,4.6591157,4.760065099,6.017824403,-12.67378814,9.784892131,5.257003604,4.602899965,5.022607002,6.240578451,7.128513539,-4.013860583,0.263110856,1.454392168,3.027508092,2.25520404,3.315854165,3.116614714,4.179990236,4.170794766
Maldives,MDV,,,,,,,7.858646927,8.39794083,7.494683025,6.175655828,3.845810392,-3.943634354,7.268386313,13.75004982,6.033754049,-13.12905343,26.1114935,7.713867271,9.485332661,-7.228841465,7.265129068,8.566733531,2.517383942,7.281073979,7.329606386,2.245924401,6.163158257,8.828456057
Middle East & North Africa,MEA,13.14524178,4.210650552,4.602593298,2.81185002,2.681043826,2.970031719,4.690297135,3.331245229,4.508589208,1.823395157,5.71528554,1.221215034,1.645405465,5.453029747,8.040201344,5.066969928,5.993401908,5.14270537,4.467850414,0.565397021,5.005113046,3.652631412,3.893473512,2.661312619,2.875874948,2.523570392,4.639968963,1.832862744
Mexico,MEX,5.068306313,4.222250716,3.628658713,4.061425854,4.941080676,-6.291230821,6.773258694,6.846852279,5.163925168,2.753554247,4.942453715,-0.404390127,-0.039844481,1.446382684,3.92059081,2.307807066,4.495077894,2.291445721,1.14358458,-5.285744137,5.118118143,3.66300793,3.642322679,1.354091962,2.845283745,3.270472129,2.913328277,2.036585834
Marshall Islands,MHL,2.676246464,0.087888749,7.140800878,6.006245786,5.877715899,8.213227738,-10.30293333,-6.445670906,-2.844212465,-2.397154781,5.890694312,5.363361509,2.615853563,0.17013309,0.118540225,2.915454115,1.436703373,3.653172192,-1.644874333,-1.63596768,6.453637685,1.206520774,3.457866763,2.860079216,-0.756942819,-0.364546612,1.910494988,2.5
Middle income,MIC,2.274186841,0.900490048,0.530360512,2.787175714,2.32256459,3.752125245,4.796879822,4.747479157,1.856837889,3.380413523,5.805326691,3.597623192,4.554964303,5.404114674,8.077584905,7.014859958,8.082634945,8.671074025,5.705653358,2.46635289,7.449505041,6.14517436,5.230913828,5.160585626,4.53394647,3.928398233,4.212086547,4.912995957
"Macedonia, FYR",MKD,,-6.170767652,-6.565198667,-7.469271323,-1.758166167,-1.114727719,1.185103914,1.439981341,3.378735622,4.339027922,4.549135778,-3.067245662,1.494028679,2.222222222,4.674428357,4.723377527,5.137025162,6.473486858,5.471711774,-0.358615842,3.358760114,2.339892284,-0.456184412,2.925265321,3.629641308,3.841623807,2.923495718,0.02020369
Mali,MLI,-2.502395103,11.74520379,-3.21866249,3.172168177,3.779934051,0.921022398,7.055785404,4.829024339,7.57166764,5.700943654,-0.060834972,15.37623946,3.106308252,9.119041995,1.559998661,6.534762657,4.66218688,3.493616811,4.773382727,4.6790657,5.413452222,3.240252913,-0.836178866,2.303584809,7.043356204,5.962581591,5.799999995,5.3
Malta,MLT,6.291390958,6.256492082,4.690932431,4.480749359,5.651104737,6.342493183,3.777335762,5.256980145,5.125601231,4.719974882,6.770193911,0.608353735,2.982818376,2.543768573,0.443412531,3.783652259,1.828716884,3.986448706,3.346512731,-2.462277722,3.542683214,1.322827487,2.712807322,4.611106258,8.114239586,9.621648064,5.230584947,6.422489314
Myanmar,MMR,2.816933273,-0.650616908,9.660942453,6.039410227,7.477958358,6.948051437,6.442715347,5.651582963,5.866213153,10.94512998,13.74593056,11.34399707,12.02551343,13.84399689,13.56466162,13.56895002,13.07610138,11.99143524,10.25530539,10.5500091,9.634439452,5.591482378,7.332670447,8.426001025,7.991243344,6.992515574,5.871982226,6.368840526
Middle East & North Africa (excluding high income),MNA,12.99076956,-1.34703419,4.431459328,2.711977526,1.464121513,2.571541268,5.950274244,3.217613289,6.633365354,4.365120654,4.267892226,2.242649016,3.397989121,2.770023693,7.992425501,4.548673211,5.471767211,6.040608959,3.463903709,2.615960871,5.235865241,-0.959815542,2.864761779,1.610294091,2.089966968,0.944366683,6.993967056,3.496766235
Montenegro,MNE,,,,,,,,,4.900002988,-9.399997528,3.099997417,1.099841512,1.903927902,2.482664475,4.426047375,4.180604341,8.56642017,6.810100759,7.222796258,-5.795099423,2.73434386,3.228446862,-2.723766679,3.549017057,1.783682741,3.390415207,2.949341515,4.300004056
Mongolia,MNG,-3.184460178,-8.693544731,-9.256465705,-3.168791549,2.134382694,6.376426887,2.235093844,3.896713583,3.3399366,3.07036901,1.146062137,2.952710544,4.732978465,7.004634575,10.62540596,7.25366544,8.556234809,10.24801636,8.900367946,-1.268598941,6.365161685,17.29077758,12.31981985,11.64891619,7.885225482,2.379835807,1.243202563,5.88462458
Northern Mariana Islands,MNP,,,,,,,,,,,,,,0.408441116,-3.118644068,-12.66620014,-6.891025641,-6.712564544,-11.0701107,-17.53112033,1.383647799,-7.692307692,0.537634409,2.673796791,3.515625,3.773584906,28.60606061,
Mozambique,MOZ,0.999992833,4.899999139,-5.23133059,8.767141824,6.158862481,2.237310045,26.84532191,10.84203164,11.85939398,7.822974027,1.678502985,12.72096582,8.794057581,6.500606668,7.811186108,8.720667877,9.851055465,7.426060991,6.876205447,6.351970294,6.687221632,7.117606632,7.198185826,7.1416833,7.444069492,6.593985906,3.762943039,3.710697424
Mauritania,MRT,-1.771304534,1.788087116,1.874125895,5.873637251,-3.0607321,9.81980046,5.818826602,-4.044696622,2.77780492,7.712825411,-0.430406256,2.008796925,0.665004156,5.978253348,5.74742354,8.969422318,18.86909934,2.817836772,1.079967167,-1.042081704,4.773697175,4.704066531,5.795078172,6.090258732,5.579543856,1.399996443,1.999999062,3.5
Mauritius,MUS,7.186736771,4.435446229,6.512698604,5.082062936,4.136142909,4.28773666,5.587843841,5.687477445,6.070628116,2.610779527,9.026614099,2.573570288,2.11331329,3.656856398,5.745767527,1.241387538,8.538255614,5.727016142,5.38696257,3.315076989,4.377203239,4.077538074,3.496118338,3.360406103,3.744574431,3.468664134,3.79999999,3.8
Malawi,MWI,5.692294494,8.730231829,-7.332978135,9.691840268,-10.24018173,16.72881759,7.316681511,3.792419099,3.89525363,3.042278091,1.576077837,-4.974963846,1.700000014,5.705639437,5.420497694,3.268725828,4.699999992,9.600000003,7.639736774,8.328110276,6.874065635,4.854055109,1.885799507,5.199999998,5.700000004,2.799999999,2.484040626,4.000030517
Malaysia,MYS,9.00852714,9.545467413,8.885117966,9.894943358,9.212041809,9.829085181,10.00270068,7.322741855,-7.359415192,6.137612011,8.858868174,0.517675315,5.390988315,5.788499281,6.783437736,5.332139139,5.584847069,6.298785927,4.831769895,-1.513528727,7.424847393,5.29391284,5.473454192,4.69372252,6.00672195,5.028006349,4.21985132,5.901769222
North America,NAC,1.738315056,-0.281726825,3.290269169,2.737210892,4.080355075,2.715553042,3.584220108,4.46741129,4.395932358,4.729790999,4.19709157,1.054082395,1.902614268,2.709338241,3.717780301,3.330841835,2.663507098,1.806128838,-0.167110751,-2.793343635,2.583647534,1.749551283,2.174510945,1.754386567,2.597542706,2.677036753,1.478334942,2.348806386
Namibia,NAM,2.047459978,8.165612481,7.189342559,-1.579539135,1.729879442,3.89901419,3.19132423,4.220100264,3.291585556,3.369278594,3.492183222,1.177948858,4.788661308,4.239794315,12.26954803,2.529262603,7.073175362,6.617094453,2.649811967,0.295971028,6.03924941,5.091338198,5.061682013,5.614719701,6.351677961,6.106731719,0.700099218,-0.770335374
New Caledonia,NCL,3.600001274,4.900028139,0.519994838,0.529794652,2.590186894,5.940031114,0.4498791,2.007152305,-3.200275506,0.900172502,2.100108842,,,,,,,,,,,,,,,,,
Niger,NER,-1.284355381,2.504203274,-6.516444601,1.449437876,4.004561704,2.605755854,3.419093099,2.753965624,10.42226252,-0.568758332,-1.40950935,7.104340612,2.999122036,5.299999998,0.100000001,4.499999999,5.800000002,3.146570396,9.587673209,-0.712671174,8.369239798,2.278284739,11.84981918,5.268414897,7.529043068,4.337591116,4.925714486,4.894516591
Nigeria,NGA,12.76600917,-0.617850589,0.433725357,2.090377801,0.909763335,-0.307468969,4.993705537,2.802256439,2.715640179,0.474237575,5.318093381,4.411065196,3.784648183,10.35418456,33.73577503,3.444666813,8.210964859,6.828398348,6.270263697,6.934416004,7.839739477,4.887386611,4.279277314,5.394416311,6.309718596,2.652693289,-1.61686895,0.81454403
Nicaragua,NIC,-0.093064818,-0.190712403,0.385467121,-0.391138493,3.337611864,5.911907795,6.344268304,3.966650973,3.711681448,7.03597048,4.101590153,2.960843529,0.753938941,2.520732936,5.31217052,4.282398305,3.804864617,5.076352018,3.435716936,-3.292665159,4.410099117,6.316685535,6.496136543,4.927094063,4.7854602,4.768608794,4.658759192,4.861094976
Netherlands,NLD,4.183222799,2.439134508,1.706070921,1.257552208,2.961092398,3.116035968,3.566719236,4.299867429,4.525415041,5.051693368,4.238763069,2.124264345,0.103629981,0.283922581,2.030706315,2.160366002,3.518636961,3.698473106,1.699060778,-3.767583537,1.402662177,1.663626344,-1.057037404,-0.1903392,1.419690296,2.260757029,2.209941516,3.162212293
Norway,NOR,1.932438869,3.084674243,3.574403308,2.845312156,5.055453526,4.153950577,5.027995447,5.284684789,2.624396894,2.013307556,3.205285075,2.085328035,1.437708805,0.919841888,3.959038032,2.624720535,2.395092468,2.985054837,0.480792154,-1.691043611,0.691663072,0.971934879,2.721626792,1.044389078,1.975117446,1.970097786,1.091465072,1.918745912
Nepal,NPL,4.635036347,6.368150403,4.106406612,3.849850022,8.216002709,3.468451883,5.328284175,5.048612536,3.016389482,4.412573271,6.199999988,4.799762644,0.120266897,3.945037767,4.682603245,3.479181046,3.364614788,3.411560276,6.104639142,4.53307872,4.81641465,3.421828241,4.781192258,4.128877676,5.988984661,3.322905439,0.412891877,7.499402289
Nauru,NRU,,,,,,,,,,,,,,,,,,,34.41929066,8.659698371,13.55082678,11.68452207,10.08655154,34.21498251,36.52409809,2.808191226,10.400004,4.154685104
New Zealand,NZL,0.64964019,-1.642545286,1.266497525,6.532827533,5.216391239,4.577216731,3.357954734,3.008397392,1.066112063,5.193739855,2.289439354,3.797646081,5.060591813,4.540270045,3.269630137,3.318905786,2.572912917,3.760418087,-1.545526426,1.916064648,0.962157189,2.69579849,2.499416581,2.018009991,3.544991417,4.434294944,3.471456835,3.028657043
OECD members,OED,3.082853996,1.366352544,2.046979487,1.238063927,3.068020209,2.693916805,3.062277785,3.456814398,2.798163452,3.23271269,4.002805386,1.366847085,1.567286547,1.962895279,3.17550916,2.702362544,2.94136138,2.511606432,0.185802118,-3.550013226,2.873752206,1.802076754,1.254383563,1.422244758,2.077863873,2.435955072,1.733850159,2.379211309
Oman,OMN,-0.13042574,6.074078508,8.413883633,6.042960275,3.875774308,4.996819663,3.045940005,6.033512307,2.642337974,-0.124806894,5.401372717,4.482454096,-1.10056525,-2.668969447,1.292112564,2.49045836,5.372068299,4.452694304,8.199695813,6.112453761,4.804711285,-1.108745787,9.332675576,4.372615776,2.751031637,4.738955823,5.384165936,-0.2726752
Other small states,OSS,,,,,,,,,,,,4.278084938,4.546422108,4.278013353,9.527605416,5.987926547,11.18124623,9.972623403,7.503697664,1.872602916,8.285082505,7.665297377,3.650985856,3.010396093,2.911711049,2.691151709,2.177079791,2.243014202
Pakistan,PAK,4.458586815,5.061567755,7.705897823,1.757747697,3.737415552,4.96260915,4.846581284,1.014396014,2.550234295,3.660132744,4.260088012,1.982484032,3.224429973,4.846320935,7.368571359,7.667304271,6.177542036,4.832817277,1.701405465,2.831658519,1.606691959,2.74840255,3.50703342,4.396456633,4.674707981,4.731147475,5.526735845,5.700621241
Panama,PAN,8.098993006,9.419005745,8.20168056,5.455743573,2.850147171,1.751678689,4.07970309,6.460990304,7.341501476,3.917206597,2.715373497,0.574273068,2.229149521,4.205495762,7.522080093,7.191278852,8.652465799,11.98398545,9.855654852,1.242992318,5.827993494,11.31362591,9.778827683,6.903436783,5.066613016,5.575764718,4.988592404,5.356521266
Peru,PER,-4.982563536,2.219259103,-0.540509125,5.243577008,12.30836618,7.411395047,2.798973079,6.476824421,-0.391537556,1.494910643,2.694371398,0.617892326,5.453528938,4.165023137,4.958203206,6.285060325,7.528899044,8.518387769,9.126568301,1.095823659,8.332459107,6.327192402,6.139724706,5.852518211,2.376022873,3.251369628,3.951309192,2.527430678
Philippines,PHL,3.036966294,-0.578334651,0.33760303,2.116307179,4.387623341,4.678692219,5.845873472,5.185362276,-0.576718148,3.08191646,4.41122216,2.89398706,3.645903317,4.970368697,6.697623614,4.777667819,5.242960356,6.616662285,4.152756843,1.148332219,7.63226478,3.659751601,6.683818881,7.064024264,6.145298786,6.066548903,6.875714823,6.684517503
Palau,PLW,,,,,,,,,,,,5.582087709,2.957403623,-2.494109831,5.738428242,6.092091382,-2.667872778,0.484143871,-6.414266185,-5.349860563,-0.920003647,6.339645919,3.964637773,-1.51623473,2.697243401,10.13790025,0.058822947,-3.720478368
Papua New Guinea,PNG,-3.01216922,9.546897709,13.84908527,18.20228595,5.94210906,-3.312448778,7.733695798,-3.904389656,-3.769113218,1.855553994,-2.494841993,-0.121288606,-0.158900533,2.164102502,2.721175741,6.344795923,2.294466102,11.09778044,-0.294276458,6.805554144,10.12468634,1.107310928,4.648420685,3.82993118,15.42145307,5.298986928,1.9,2.2
Poland,POL,,-7.015578801,2.514978621,3.738310309,5.292802061,6.951856621,6.056579517,6.45954984,4.614647522,4.642210704,4.559571179,1.248005438,2.041603894,3.562471549,5.135649521,3.493658515,6.179603987,7.034801987,4.24971147,2.820259759,3.606928261,5.0172352,1.607906645,1.391892321,3.283146264,3.844593971,2.864328679,4.550386923
Pre-demographic dividend,PRE,10.1543305,-10.97629477,1.492701245,1.700391149,1.137810214,3.017357077,6.245493707,6.135557986,8.025273327,4.871613814,3.081532666,4.37783359,2.225876069,0.140404614,21.3818014,5.938833601,8.375337591,7.320534798,6.89188589,4.855037779,6.067989276,4.697313302,6.157713007,5.604861547,4.776667094,3.71417308,2.637736809,1.931096703
Puerto Rico,PRI,-2.840540726,2.304391187,4.564051815,4.644527001,4.185958613,4.548988106,2.313707509,4.880087209,5.530725612,5.389699928,3.271964529,6.313471555,0.916459384,0.053419805,8.748676927,-1.987097219,-1.409589426,-1.162334653,-1.844269687,-1.952425142,-0.413254118,-0.358510628,0.02927511,-0.306826657,-1.190363454,-1.112697789,-2.606125218,
"Korea, Dem. Peoples Rep.",PRK,,,,,,,,,,,,,,,,,,,,,,,,,,,,
Portugal,PRT,3.950523332,4.368206403,1.089476534,-2.043277034,0.96483816,4.282780446,3.496682924,4.426210354,4.791772154,3.888213395,3.787494001,1.943305224,0.76879572,-0.934205163,1.811583041,0.766784435,1.553053838,2.492002446,0.199272249,-2.9781048,1.898691176,-1.826852351,-4.028256748,-1.130155823,0.893187725,1.822066826,1.619414633,2.679827103
Paraguay,PRY,4.12328288,3.493650155,1.696428011,4.936359415,5.317919883,6.822807819,1.573789449,4.242511162,0.068035126,-1.366071238,-2.314146032,-0.834057908,-0.021401975,4.320749918,4.057419171,2.133486167,4.807120262,5.421622463,6.35911702,-3.965695886,13.09300368,4.342407086,-1.238968506,14.03627767,4.722333745,2.962236311,4.019554951,0.772051674
West Bank and Gaza,PSE,,,,,,7.118512026,1.215151515,14.66722553,14.33420366,8.280429322,-8.556183567,-9.310639083,-12.4891918,14.01586702,10.34306979,10.7987619,-3.900598328,6.590593544,6.079293361,8.662535255,8.099088919,12.4136354,6.284236374,2.217422213,-0.181891133,3.428732213,4.708435256,3.14023678
Pacific island small states,PSS,4.161952914,0.077380393,5.239341401,2.936513079,4.853227774,3.808914468,2.937903157,-1.266683172,2.012374757,4.851889036,-0.634773998,1.128866833,1.882969391,2.076152323,3.918482733,2.334335657,2.420621687,1.283072797,1.95039562,-1.328830704,2.843961903,4.104403886,1.779553476,2.797493936,3.907773869,3.277431085,2.070974212,3.285109642
Post-demographic dividend,PST,2.847140764,1.258659901,1.827139516,0.961009768,2.968256638,2.701242281,2.841571077,3.258544002,2.626631336,3.308970557,3.932937227,1.505112583,1.541982392,1.942273688,3.092947583,2.623031915,2.835264382,2.459535542,0.152596135,-3.576710853,2.788413064,1.56786128,1.114181788,1.279444552,1.913515334,2.115451741,1.620084653,2.219880946
French Polynesia,PYF,2.200000128,4.899996203,0.89999758,0.100003234,0.800002278,0.499993912,0.30000031,1.900004145,6.199995771,4.000004643,4.000000343,,,,,,,,,,,,,,,,,
Qatar,QAT,,,,,,,,,,,,3.898186617,7.182151741,3.719958636,19.21891532,7.492758506,26.17024568,17.98565679,17.66355638,11.95656114,19.59233153,13.37517641,4.687259177,4.410274619,3.978882147,3.551015687,2.223120972,1.596131504
Romania,ROU,,-12.91821075,-8.767228452,1.528834497,3.93194273,7.138212933,3.86980367,-4.816146918,-2.087247178,-0.401527523,2.395094533,5.592002343,5.184192218,5.52427784,8.358591275,4.171914313,8.055560146,6.863757382,8.259868785,-5.910360266,-2.81159948,2.029777987,1.238182574,3.531597971,3.076313965,3.973807549,4.820774465,6.947074694
Russian Federation,RUS,-2.999995642,-5.046939451,-14.53107377,-8.668540341,-12.56975598,-4.143528406,-3.6,1.399999999,-5.299999999,6.4,9.999999999,5.091984231,4.743669897,7.295854331,7.175949192,6.376187027,8.153431973,8.535080209,5.247953532,-7.820885027,4.503725626,5.284885415,3.655901573,1.785354501,0.738600773,-2.828240813,-0.224910984,1.545630229
Rwanda,RWA,-2.399291097,-2.514379654,5.872725234,-8.108691874,-50.2480671,35.22407831,12.74569576,13.84975249,8.858669496,4.322378158,8.370908173,8.484581727,13.19206757,2.202372372,7.447676379,9.377915927,9.227075844,7.633287039,11.16124461,6.248262564,7.334638773,8.017106915,8.64572902,4.658872927,7.62457575,8.867977374,5.981314913,6.100594048
South Asia,SAS,5.421384405,1.917864323,5.723232289,4.40176603,6.057471279,6.949287789,6.849919476,3.796142866,5.593578124,7.754556803,4.078056832,4.294888864,3.717310632,7.240391232,7.531629391,8.77028593,8.672000732,9.009099025,3.880675975,7.609012059,9.055342489,6.313794584,5.518076888,6.073081094,6.990614281,7.605595983,6.834688026,6.476724425
Saudi Arabia,SAU,15.19342589,15.00788025,3.987540169,-1.363741429,0.558720185,0.212091348,2.637424217,1.103782049,2.893362519,-3.763285216,5.625416143,-1.210743863,-2.819174404,11.24206139,7.958441664,5.573850121,2.788402228,1.847130252,6.249772755,-2.059268194,5.039493675,9.996857794,5.411444902,2.699254723,3.652481698,4.10640887,1.670642347,-0.735462899
Sudan,SDN,-5.470053776,7.510910626,6.577861385,4.56874919,1.006228243,5.99709232,5.919124758,10.56673631,4.308504104,3.10409568,6.345867769,6.500360421,6.427273901,7.734591717,3.883307291,7.489738142,10.064308,11.52191003,7.801963334,3.241847572,3.469335093,-1.967728979,0.521559267,4.394711132,2.679411813,4.906045175,4.700000042,4.283071004
Senegal,SEN,-0.67563815,2.555825437,1.242647227,1.300780407,-0.017328658,5.363472889,2.012125111,3.124033282,5.898672563,6.359842981,3.186639083,4.580916442,0.654803648,6.683228177,5.870772214,5.622606857,2.461570253,4.938485083,3.682524403,2.423175917,4.179363063,1.761118048,4.411180285,3.455471651,4.075083326,6.456907802,6.741818201,6.78708045
Singapore,SGP,10.04421048,6.687076218,7.087600945,11.53738744,10.92545611,7.02804585,7.531933911,8.291117708,-2.225229743,6.095204493,8.897544418,-0.952290066,4.211686552,4.435328147,9.549175476,7.489157459,8.860196114,9.111527148,1.787620228,-0.603388298,15.24037704,6.350673205,4.08329765,5.111087259,3.883887305,2.241057968,2.397021458,3.618542336
Solomon Islands,SLB,,6.004178731,12.69044733,3.97645843,9.193819876,8.223592047,1.605179835,-1.439673626,1.783866401,-0.482600682,-14.26748303,-7.978564432,-2.800002522,6.50000183,4.898370946,5.421193232,6.946649998,7.320001264,7.094495143,-4.727872457,6.80904496,13.19563266,4.555394299,3.017849444,2.250090711,2.542240201,3.456606233,3.238417147
Sierra Leone,SLE,3.349997984,2.351960645,-19.01290963,1.374549379,-1.947384335,-7.999753286,1.753821399,-5.877082015,1.785014281,-1.979285588,6.652727885,-6.345455153,26.4173166,9.31312097,6.597944859,4.505095672,4.223914279,8.058145153,5.398285209,3.188051215,5.346466053,6.315045036,15.18176908,20.71576829,4.556772366,-20.59877072,6.055474029,4.157662051
El Salvador,SLV,4.831560385,1.494358748,7.018046272,5.819234802,4.689784362,4.734959574,0.817680481,3.134939588,2.654173931,2.160516675,1.12605705,0.877318892,1.580862265,1.562231082,0.890786052,2.707467768,4.342895377,1.860579145,2.127225069,-2.08339422,2.106213123,3.811814778,2.81407469,2.375194341,1.979256733,2.377628955,2.580577366,2.322597438
San Marino,SMR,,,,,,,,,7.512953368,8.995983936,2.210759027,5.551550108,0.341530055,3.880190606,4.587155963,2.380952381,3.855569155,7.130229817,1.650165017,-12.82467532,-4.655493482,-9.440104167,-7.54852624,-3.032659409,-0.882117081,0.485436893,0.966183575,1.236044657
Somalia,SOM,-1.484075684,,,,,,,,,,,,,,,,,,,,,,,,,,,
Serbia,SRB,,,,,,,2.426155021,7.184832848,2.430456631,-12.1465874,7.759209405,4.992714031,7.115788087,4.415414059,9.046513062,5.540426974,4.904348856,5.888760078,5.366683424,-3.115971692,0.584478088,1.401465736,-1.015270388,2.571734107,-1.831301107,0.757715153,2.797323719,1.867428896
Sub-Saharan Africa (excluding high income),SSA,2.276397135,0.143830354,-1.33535836,0.185753925,1.846672534,3.301218384,5.282458934,3.586751244,2.383012079,2.1330454,3.590184656,3.942969939,3.812830367,4.858780166,11.67931483,5.628755019,6.976827062,7.158589439,5.398177027,2.859251806,5.403821017,4.467458893,4.308404898,4.801004361,4.68493864,3.105154735,1.323357785,2.612971804
South Sudan,SSD,,,,,,,,,,,,,,,,,,,,,,,-52.42754292,29.32350278,2.920584117,-0.174927114,-13.83372274,
Sub-Saharan Africa,SSF,2.280172916,0.146020405,-1.32806099,0.191349788,1.844062208,3.297251861,5.282122179,3.594452629,2.388995519,2.132770724,3.588005937,3.936578415,3.810316252,4.848649215,11.66701917,5.631241248,6.978672704,7.16112461,5.392136289,2.856304798,5.404214929,4.469915876,4.306140037,4.801882443,4.684807157,3.106489677,1.325715595,2.614185528
Small states,SST,,,,,,,,,3.737976143,2.9719604,4.411884873,3.722975887,4.316642878,4.538732492,8.237715023,5.441499158,10.08840778,8.471132531,6.247580362,0.863546018,7.025717982,6.54269098,3.271290079,2.703748579,2.584639688,2.486621614,1.595444027,1.954959582
Sao Tome and Principe,STP,,,,,,,,,,,,,2.376877474,6.573472699,3.832227085,7.093770447,9.115646546,3.253604912,8.186171819,2.426281344,6.67198532,4.398201688,3.141975849,4.814794387,6.549933102,3.819988535,4.179209268,3.874960221
Suriname,SUR,-0.488637259,2.78210988,-0.20142816,-7.254621346,3.247174905,1.096488469,1.274377274,5.736491836,1.564201258,-0.871057627,-0.068687218,4.553077415,4.299944411,6.010154543,9.256031959,4.570714921,3.84213742,5.111487808,4.143406525,3.01369863,5.168825162,5.849367784,2.690350057,2.93344123,0.255503145,-2.597529896,-5.142397102,0.095480586
Slovak Republic,SVK,,,,1.901327059,6.205530477,5.843495348,6.757147223,6.06754301,4.011813704,-0.205069439,1.210173376,3.316468195,4.522792238,5.418715934,5.258836403,6.750960834,8.452887748,10.79957705,5.629779025,-5.422542313,5.041716665,2.819099518,1.657148687,1.490646438,2.750335017,3.850100604,3.324695296,3.400166311
Slovenia,SVN,,,,,,,3.516280804,5.114380403,3.285631522,5.274353781,4.15543396,2.949365533,3.836305277,2.842083009,4.351795539,4.003007364,5.655999211,6.941645669,3.300130299,-7.797276576,1.237755909,0.649366928,-2.669582052,-1.132054981,2.979196038,2.258902398,3.14835549,5.000808222
Sweden,SWE,0.754674751,-1.145974861,-1.158592739,-2.065616382,4.087601987,4.024306541,1.517861239,2.900482859,4.226791693,4.530152752,4.735287133,1.563410279,2.073577213,2.385740236,4.32052981,2.818329618,4.688127152,3.404948895,-0.557047628,-5.18465903,5.988926547,2.664407951,-0.286320615,1.241204917,2.604326565,4.521969347,3.234941922,2.28811587
Eswatini,SWZ,21.01800054,1.760376349,3.226206881,3.106114157,2.400691039,4.82565155,3.842053638,3.10280535,2.604039401,2.950875211,1.76017376,1.054764906,4.380099088,3.880213586,3.623914226,5.99877655,5.992166838,4.435375577,0.821663914,1.565048852,3.793754968,2.247229761,4.71815574,6.420804855,1.931010027,0.391128861,1.368694073,2.000625958
Sint Maarten (Dutch part),SXM,,,,,,,,,,,,,,,,,,,,,,,,,,,,
Seychelles,SYC,6.99554469,2.760426099,7.161466737,6.196649768,-0.798696999,-0.825642363,4.917525348,11.96155598,8.403398525,1.872006587,1.514338815,-2.271162762,1.212831267,-5.887127528,-2.850453659,9.005761428,9.40612788,10.42143611,-2.146892655,-1.105245793,5.954962469,7.887279597,1.260828819,6.018076268,4.504785431,4.937386459,4.503031591,4.2
Syrian Arab Republic,SYR,7.640772323,7.901270698,13.47033376,5.178987101,7.652937117,5.750015288,4.399999999,1.800000002,6.337264017,-3.553656913,2.742857397,5.20094281,5.9,0.6,6.900000004,6.2,4.999999998,5.699999996,,,,,,,,,,
Turks and Caicos Islands,TCA,,,,,,,,,,,,,,,,,,,,,,,,,,,,
Chad,TCD,-4.178472373,8.535137166,8.001443346,-15.70983705,10.13688763,1.236549317,2.214473035,5.653392328,6.951579914,-0.682850217,-0.879681025,11.65813465,8.491209819,14.72166701,33.62937185,17.33253374,0.648262014,3.271499579,3.052691532,4.217695552,13.55010086,0.082869798,8.882576072,5.700001363,6.899985045,2.767675685,-6.255527085,-2.953771549
East Asia & Pacific (IDA & IBRD countries),TEA,5.406076809,7.939251785,10.76401671,10.89117718,10.65047517,9.728391983,8.941538947,7.031866796,1.755280746,6.112823735,7.506141581,6.708845516,7.856444549,8.725144176,8.938444494,9.719010973,10.77741731,12.16428953,8.43527993,7.697990757,9.778523387,8.459884872,7.50777997,7.193620769,6.761885732,6.493215447,6.332926685,6.582982023
Europe & Central Asia (IDA & IBRD countries),TEC,-1.407043384,-5.390696081,-9.322309302,-4.593228475,-8.798042933,-0.229235057,0.918189961,3.269108048,-0.790100352,2.405144144,7.415688677,2.443669052,4.988622078,6.35720155,7.772740044,6.600663292,7.821533043,7.563141609,4.306382602,-4.93185474,4.843285035,6.240087722,3.282555408,3.616899346,2.31419765,1.006081671,1.705161879,4.046398363
Togo,TGO,-0.243656136,-0.699967488,-3.980686821,-15.09582748,14.98241435,7.845832317,8.836211629,14.37737758,-2.299876566,2.481751426,-0.783479606,-1.626806272,-0.922151022,4.954397666,2.119065316,1.180406956,4.052412542,2.290453889,2.225480232,3.510296675,3.99567877,4.883763946,4.820343516,3.967792633,5.871726319,5.384842189,5.398146189,5.565791042
Thailand,THA,11.16716344,8.558260321,8.083388023,8.251043122,7.996904855,8.120261844,5.652373942,-2.753590578,-7.633733631,4.572298369,4.455676031,3.444243766,6.148879817,7.189329965,6.289288549,4.187834924,4.967916824,5.43509257,1.725667908,-0.690733346,7.513590658,0.839959472,7.242786605,2.687379919,0.984414064,3.020173993,3.282683075,3.902975042
Tajikistan,TJK,-0.599999631,-7.099999096,-29.00000106,-16.39999984,-21.29999801,-12.40000037,-16.69999877,1.6999958,5.300000768,3.699999673,8.300001012,10.20000105,10.79999992,10.99999711,10.30000171,6.699997057,7.000001895,7.800001344,7.899997831,3.800000992,6.500000353,7.399999383,7.499999169,7.40000057,6.69925066,6,6.900001455,7.100000708
Turkmenistan,TKM,35.38455811,-4.605263214,-14.9659866,1.500000174,-17.29986047,-7.200040934,6.699992161,-11.40000023,7.100000344,16.4999995,5.469064133,4.343845714,0.257179925,3.26882856,5.000407438,13.04036341,10.96709551,11.05929947,14.7,6.100000115,9.199999988,14.69999993,11.09999996,10.2000001,10.29999997,6.49999991,6.199999966,6.500000047
Latin America & the Caribbean (IDA & IBRD countries),TLA,0.528209168,4.02103289,3.058239037,4.136650651,4.65925445,1.411383838,3.510901758,5.169301186,2.16853027,-0.061846696,3.74558542,0.726315764,0.259203546,1.577788337,6.312790585,4.342854912,5.356416778,5.665889668,4.077376986,-1.889835106,6.026440498,4.48524266,2.865253449,2.858141378,1.03412214,0.042132848,-0.437705449,1.72596343
Timor-Leste,TLS,,,,,,,,,,,,9.203883836,-6.866693798,-1.182551506,64.06996447,35.87967022,41.67440394,5.179000199,10.00471343,-6.058326525,-1.167360954,11.83147299,4.964954576,-11.00132909,-26.04971323,20.88076021,0.824533627,-8
Middle East & North Africa (IDA & IBRD countries),TMN,12.99076956,-1.34703419,4.431459328,2.711977526,1.464121513,2.545099424,5.942216533,3.090424152,6.490679949,4.246420204,4.400307037,2.312603629,3.433401611,2.722186138,7.987910963,4.500611828,5.552045491,6.096667155,3.536196576,2.517418073,5.252893996,-1.017739703,2.778685414,1.658705004,2.114586233,0.858804575,7.023459808,3.552335742
Tonga,TON,-2.044091435,6.414939822,0.251985518,3.73804735,4.952526778,3.711873338,0.010215895,-0.131583413,2.718812655,3.881704581,3.369839694,3.601788655,3.418876649,2.108581656,-0.351420004,1.582168376,-0.812222114,-4.165775722,3.099519869,2.290612704,3.585657371,2.785145889,0.890322581,-3.120603658,2.072607261,3.71184687,3.37947375,2.7
South Asia (IDA & IBRD),TSA,5.421384405,1.917864323,5.723232289,4.40176603,6.057471279,6.949287789,6.849919476,3.796142866,5.593578124,7.754556803,4.078056832,4.294888864,3.717310632,7.240391232,7.531629391,8.77028593,8.672000732,9.009099025,3.880675975,7.609012059,9.055342489,6.313794584,5.518076888,6.073081094,6.990614281,7.605595983,6.834688026,6.476724425
Sub-Saharan Africa (IDA & IBRD countries),TSS,2.280172916,0.146020405,-1.32806099,0.191349788,1.844062208,3.297251861,5.282122179,3.594452629,2.388995519,2.132770724,3.588005937,3.936578415,3.810316252,4.848649215,11.66701917,5.631241248,6.978672704,7.16112461,5.392136289,2.856304798,5.404214929,4.469915876,4.306140037,4.801882443,4.684807157,3.106489677,1.325715595,2.614185528
Trinidad and Tobago,TTO,1.508415857,2.682050198,-1.647204165,-1.453479678,3.565900883,4.657152904,7.134477381,7.522854738,8.124564009,8.024817633,6.901359504,4.168524081,7.936709641,14.44141643,7.949593642,6.20899299,13.20805776,4.754189958,3.39042137,-4.390592479,3.323330512,-0.29435443,1.29397895,0.98084981,-0.252162763,1.517162962,-5.957061347,-2.336014124
Tunisia,TUN,7.949819436,3.904545301,7.805728857,2.189828889,3.178411391,2.351669888,7.146080839,5.440943436,4.783762572,6.054634515,4.709859945,3.796183827,1.322563618,4.702411815,6.235793869,3.486535815,5.244195185,6.709620392,4.237776836,3.043448955,3.510608639,-1.91717768,3.997674002,2.875523842,2.971398345,1.153615837,1.108392968,1.955125675
Turkey,TUR,9.266146671,0.720279036,5.035634939,7.651265203,-4.668147364,7.878266876,7.379664474,7.577663644,2.308213492,-3.389305047,6.640061263,-5.962310691,6.430278602,5.608255023,9.644322663,9.009853214,7.109703381,5.030457776,0.845251442,-4.704465981,8.487372187,11.11349555,4.789940207,8.491309393,5.166690703,6.085886632,3.183831543,7.418643975
Tuvalu,TUV,,3.609164985,2.788866584,4.110691014,10.28348701,-5.004437317,-5.961361169,10.00322432,15.50121998,-1.563791371,-0.970599814,1.634107644,7.886174359,-3.333536533,-1.352181114,-3.779729962,2.138938329,6.350564875,7.983260905,-4.432851394,-2.729427912,7.515856516,-3.835524508,4.576641646,1.347923876,9.142911919,3.034951029,3.241589118
Tanzania,TZA,7.045071644,2.071988211,0.584322134,1.205800809,1.567661766,3.569911868,4.544366802,3.525278191,3.708511596,4.840382325,4.933846627,5.997828858,7.163553536,6.886226532,7.828298381,8.173335834,4.660570995,8.464381242,5.566595648,5.382346168,6.358886081,7.904507572,5.141013621,7.263060997,6.965134936,6.959314247,6.968129493,7.104161265
Uganda,UGA,6.474140151,5.554095496,3.418356892,8.32629252,6.403635743,11.52324381,9.072114582,5.100001864,4.905265484,8.053948377,3.141907338,5.183661126,8.732685764,6.473258671,6.807233344,6.332565116,10.78474439,8.412425966,8.708751901,6.801517348,5.637599803,9.391667749,3.837455606,3.586905826,5.106307324,5.187859863,4.656575598,3.964779888
Ukraine,UKR,-6.345235128,-8.410643888,-9.698998582,-14.22610688,-22.93404553,-12.20000002,-9.999999974,-3.000000027,-1.899999984,-0.199999997,5.9,9.200000008,5.199999971,9.40000001,12.10000001,2.699999975,7.300000033,7.900000766,2.299999991,-14.80000002,4.200000018,5.465531905,0.238681306,-0.026729649,-6.552618891,-9.772973947,2.307601934,2.500467472
Upper middle income,UMC,1.874643071,0.82940665,0.029772378,3.049984897,2.157696248,3.446714134,4.447859493,4.994416997,2.284560726,3.056675466,6.222906571,3.388595162,4.72205778,5.122155737,7.92969127,7.060217415,8.20756477,8.875521462,5.915014739,1.735641535,7.460381826,6.330820556,5.252397548,5.050188565,4.20450298,3.392452025,3.911319775,4.786044149
Uruguay,URY,0.297348378,3.538808504,7.931588413,2.657546103,7.28134265,-1.447598964,5.577957758,8.547683232,4.518890072,-1.939212135,-1.92993064,-3.844129967,-7.732007212,0.805283917,5.004160365,7.460132106,4.098577362,6.541510848,7.176144662,4.243494178,7.803409668,5.162133026,3.538178707,4.637538643,3.238791216,0.370741267,1.689798162,2.656684456
United States,USA,1.919370297,-0.074084531,3.555396148,2.745856719,4.037643425,2.718975789,3.795881229,4.487026493,4.449910963,4.685199608,4.092176449,0.975981834,1.786127687,2.806775956,3.78574285,3.345216063,2.666625826,1.77857024,-0.291621459,-2.775529574,2.531920616,1.601454672,2.224030854,1.67733153,2.569193594,2.861587025,1.485279193,2.273338548
Uzbekistan,UZB,1.600000006,-0.492000004,-11.2,-2.300000006,-5.199999992,-0.900000006,1.700000004,5.199999997,4.3,4.300000003,3.799999993,4.200000008,3.999999997,4.199999999,7.699999998,7.000000005,7.299999997,9.921153848,9,8.099999996,8.500000001,8.299999999,8.200000001,8.000000001,7.792522371,7.999999999,7.800000002,5.299999999
St. Vincent and the Grenadines,VCT,4.149922803,1.135737487,6.377102859,4.251023172,-1.247737074,7.767413795,1.287125179,3.505823414,4.089483241,2.710917941,1.637438391,1.709414612,6.323310422,7.689791237,4.15628429,2.488004855,7.688360969,-1.581574841,6.667012438,-2.099061259,-3.35352589,-0.419351482,1.380643001,1.832286046,0.984189177,1.822457378,1.270207852,1.596351197
"Venezuela, RB",VEN,6.467940853,9.729887977,6.060473262,0.275388158,-2.349507928,3.951662724,-0.197837257,6.370931401,0.294055161,-5.970458146,3.686944167,3.394236108,-8.855647353,-7.75530005,18.28660669,10.3179138,9.872149109,8.753578808,5.277854124,-3.202302657,-1.488791251,4.176425359,5.625956975,1.343094036,-3.894386475,,,
British Virgin Islands,VGB,,,,,,,,,,,,,,,,,,,,,,,,,,,,
Virgin Islands (U.S.),VIR,,,,,,,,,,,,,,-0.334104343,2.939659618,3.632264529,3.625815809,4.03545603,0.941704036,-6.64149267,0.904116108,-8.158453195,-15.01925546,-5.80060423,-0.962155228,0.194300518,,
Vietnam,VNM,5.10091814,5.960843932,8.64604746,8.072730657,8.838980952,9.540480175,9.340017496,8.152084143,5.764455464,4.773586881,6.787316408,6.192893312,6.320820988,6.899063492,7.536410612,7.547247727,6.977954812,7.129504484,5.661771208,5.397897543,6.423238217,6.240302749,5.247367156,5.421882991,5.983654637,6.679288789,6.210811668,6.81224566
Vanuatu,VUT,11.70648473,3.139321561,2.59201652,0.750740107,9.056387228,1.011760278,2.328455171,4.913239831,4.301466021,0.334788215,5.922044539,-3.488507759,-5.111218569,4.293431178,3.984754831,5.30285231,8.465159865,5.173513258,6.448521358,3.312815802,1.629081596,1.223225535,1.754749927,1.96914608,2.331006215,-0.801094177,4.000574486,4.500680305
World,WLD,2.92182862,1.445159952,1.791136171,1.563486513,3.022676127,3.030997648,3.385655271,3.702822113,2.532416348,3.255703306,4.388711945,1.914438493,2.158631993,2.905080926,4.448198821,3.83004478,4.305647721,4.228059675,1.818551801,-1.734050381,4.311472256,3.180881833,2.508079253,2.614862833,2.855754385,2.856945528,2.505727885,3.151509859
Samoa,WSM,-4.421450949,-2.300007023,-0.199990351,4.099987693,-2.542096427,6.673641885,7.178965897,0.643424781,2.194886325,2.185438856,6.918790299,6.93976583,4.343995595,4.515479143,4.625001948,4.156492103,1.968807932,6.322641763,1.009086658,-4.8082722,0.479158713,5.778544297,0.402103619,-1.933858756,1.196147337,1.634776026,7.145168855,2.5
Kosovo,XKX,,,,,,,,,,,,26.97391784,-0.700948289,5.980145596,2.612126758,6.033229748,4.503031756,7.286082986,2.644818653,3.341665533,3.309574839,4.812563323,2.89534857,3.431230009,1.198070976,4.094454536,4.068896143,4.466099856
"Yemen, Rep.",YEM,,6.293493848,8.207598137,4.001966381,6.721949122,5.669371322,4.634967317,5.23111204,6.006694599,3.775530496,6.181915593,3.803645872,3.935231505,3.747398185,3.972696401,5.591748076,3.170409359,3.338427956,3.64756947,3.866229516,7.70230704,-12.7148969,2.392972347,4.823414981,-0.188591449,-37.14675128,-34.33975436,
South Africa,ZAF,-0.317785676,-1.018219874,-2.137056887,1.233519912,3.234142952,3.11563361,4.306727868,2.646829095,0.517360382,2.358107754,4.154544583,2.735495291,3.667796877,2.949078146,4.554569921,5.277111735,5.603664789,5.36046514,3.191051645,-1.538100864,3.039777063,3.284165053,2.213353653,2.485185835,1.847008442,1.279538256,0.565362939,1.32006117
Zambia,ZMB,-0.481072028,-0.036133384,-1.730922174,6.797274049,-8.625441952,2.897668893,6.218546489,3.814007497,-0.385746146,4.650189746,3.897322943,5.316868274,4.50601428,6.944973982,7.032395115,7.235599007,7.903694445,8.352436244,7.773895815,9.220348406,10.29820585,5.564624717,7.597616969,5.059376378,4.695826373,2.91988111,3.757177805,4.076715497
Zimbabwe,ZWE,6.988552933,5.531782072,-9.015569821,1.051458509,9.235198742,0.158025752,10.36069674,2.680594174,2.885211917,-0.817820899,-3.059189626,1.439615074,-8.894023417,-16.99507453,-5.807538303,-5.711083833,-3.46149505,-3.653327043,-17.6689466,12.0195605,12.58102697,15.44573298,14.77959514,5.529787208,2.127083908,1.689594592,0.615713754,3.447095145